ID,Description,setSize,enrichmentScore,NES,pvalue,p.adjust,qvalue,rank,leading_edge,core_enrichment
GO:0055002,striated muscle cell development,103,0.7372799937155913,2.6049610248622863,3.4574169970228254e-15,1.6502251326789946e-11,1.473223579362989e-11,354,"tags=24%, list=4%, signal=24%",Acta1/Neb/Actn3/Casq1/Ryr1/Mybpc2/Ttn/Mybpc1/Tnnt3/Nrap/Cav2/Myom1/Flnc/Ldb3/Tpm1/Ankrd23/Speg/Krt19/Nr3c1/Map2k4/Pak1/Akap13/Tmod3/Krt8/Slc25a4
GO:0055001,muscle cell development,118,0.7059612842908919,2.5446730193801512,3.194931716318648e-14,7.624704540994454e-11,6.80688609876731e-11,354,"tags=22%, list=4%, signal=21%",Acta1/Neb/Actn3/Casq1/Ryr1/Mybpc2/Ttn/Mybpc1/Tnnt3/Nrap/Cav2/Myom1/Flnc/Ldb3/Tpm1/Ankrd23/Speg/Krt19/Nr3c1/Map2k4/Pak1/Akap13/Tmod3/Krt8/Pbrm1/Slc25a4
GO:0061061,muscle structure development,402,0.5088618563141236,2.0784701230657037,1.4315776460988158e-12,2.277640034943216e-9,2.0333425654063182e-9,1195,"tags=24%, list=14%, signal=22%",Acta1/Neb/Actn3/Casq1/Ryr1/Mybpc2/Ttn/Mylpf/Mybpc1/Tnnt3/Xirp2/Nrap/Cav2/Myom1/Des/Sox4/Flnc/Ldb3/Cfd/Gpcpd1/Smad3/Tpm1/Ankrd23/Lgals1/Speg/Jph2/Bhlhe41/Krt19/Id2/Nr3c1/Map2k4/Pak1/Atf3/Pdlim4/Pdlim3/Abcc9/Akap13/Ctnnb1/Tmod3/Zfp609/Krt8/Atp11a/Casp1/Pbrm1/Slc25a4/Klf5/Dsp/Cxcl14/Cav1/Pik3r1/Tmtc3/Cited2/Skil/Dmpk/Foxc1/Unc45b/Tgfbr1/Nr2c2/Kmt5b/Gtf3c5/Smo/Cd9/Hlf/Pdlim7/Ifrd1/Tgfbr3/Met/Mmp14/Col3a1/Irx3/Srf/Mbnl1/Pgm5/Cfl2/Pdlim5/Rb1/Arid2/Bcl9/Lrp6/Rbpj/Ptgfrn/Boc/Asb2/Tgfb2/Fzd7/Rbm4/Lmod1/Lama2/Zfhx3/Chuk/Fhod3/Dll1/Myof/Rest/Gsk3b/Syne1/Egr2/Col6a1
GO:0060537,muscle tissue development,255,0.5553193345777615,2.177167640093817,3.844265790940591e-12,4.5871701550398606e-09,4.095154716244083e-9,1010,"tags=24%, list=12%, signal=22%",Acta1/Neb/Actn3/Casq1/Ryr1/Ttn/Mylpf/Xirp2/Nrap/Cav2/Myom1/Gpcpd1/Smad3/Tpm1/Speg/Jph2/Id2/Nr3c1/Map2k4/Pak1/Atf3/Jarid2/Abcc9/Akap13/Ctnnb1/Slc25a4/Klf5/Eya2/Dsp/Cav1/Zfand5/Cited2/Skil/Foxc1/Tgfbr1/Gtf3c5/Smo/Hlf/Ifrd1/Tgfbr3/Met/Col3a1/Irx3/Srf/Mbnl1/Apc/Tiparp/Pgm5/Tenm4/Cfl2/Pdlim5/Rb1/Arid2/Bcl9/Lrp6/Rbpj/Boc/Tgfbr2/Asb2/Tgfb2/Fzd7
GO:0030239,myofibril assembly,39,0.8561653951811196,2.546918200266457,6.159054616290678e-12,5.879433536711081e-9,5.248811176156772e-9,308,"tags=44%, list=4%, signal=42%",Acta1/Neb/Casq1/Mybpc2/Ttn/Mybpc1/Tnnt3/Nrap/Myom1/Flnc/Ldb3/Tpm1/Ankrd23/Krt19/Akap13/Tmod3/Krt8
GO:0003012,muscle system process,209,0.5816989949027024,2.2233524149863766,8.979444645473222e-12,6.122698470406242e-9,5.4659837481015946e-9,663,"tags=21%, list=8%, signal=20%",Myh4/Acta1/Actn3/Casq1/Ryr1/Mybpc2/Myh1/Ttn/Myl1/Mylpf/Tnnc2/Mybpc1/Tnnt3/Cmya5/Tnni2/Atp2a1/Myh2/Myom1/Gsn/Kcnj2/Smad3/Tpm1/Mtmr4/Nr3c1/Map2k4/Pak1/Kbtbd13/Jarid2/Abcc9/Akap13/Atp1a2/Tmod3/Slc25a4/Dsp/Cav1/Smad5/Synm/Dmpk/Tpm2/Sulf2/Smtn/Ece1/Met/Atp1a3
GO:0014706,striated muscle tissue development,240,0.5645016522476294,2.1927569421842565,8.668724554783277e-12,6.122698470406242e-9,5.4659837481015946e-9,1010,"tags=24%, list=12%, signal=22%",Acta1/Neb/Actn3/Casq1/Ryr1/Ttn/Mylpf/Xirp2/Nrap/Cav2/Myom1/Gpcpd1/Smad3/Tpm1/Speg/Jph2/Id2/Nr3c1/Map2k4/Pak1/Atf3/Jarid2/Abcc9/Akap13/Ctnnb1/Slc25a4/Klf5/Eya2/Dsp/Cav1/Cited2/Skil/Foxc1/Tgfbr1/Gtf3c5/Smo/Hlf/Ifrd1/Tgfbr3/Met/Irx3/Srf/Mbnl1/Apc/Pgm5/Tenm4/Cfl2/Pdlim5/Rb1/Arid2/Bcl9/Lrp6/Rbpj/Boc/Tgfbr2/Asb2/Tgfb2/Fzd7
GO:0010927,cellular component assembly involved in morphogenesis,72,0.7551037780891404,2.500178715024329,1.9201530516460326e-11,1.0183211683896127e-8,9.090970237500748e-9,833,"tags=38%, list=10%, signal=34%",Acta1/Neb/Casq1/Mybpc2/Ttn/Mybpc1/Tnnt3/Nrap/Myom1/Flnc/Ldb3/Clasp1/Pikfyve/Tpm1/Ankrd23/Krt19/Akap13/Prx/Tmod3/Krt8/Cd9/Tlr2/Clasp2/Srf/Pgm5/Tenm4/Cfl2
GO:0032989,cellular anatomical entity morphogenesis,72,0.7551037780891404,2.500178715024329,1.9201530516460326e-11,1.0183211683896127e-8,9.090970237500748e-9,833,"tags=38%, list=10%, signal=34%",Acta1/Neb/Casq1/Mybpc2/Ttn/Mybpc1/Tnnt3/Nrap/Myom1/Flnc/Ldb3/Clasp1/Pikfyve/Tpm1/Ankrd23/Krt19/Akap13/Prx/Tmod3/Krt8/Cd9/Tlr2/Clasp2/Srf/Pgm5/Tenm4/Cfl2
GO:0051146,striated muscle cell differentiation,179,0.5882181188096844,2.2112312797630485,1.7901137681689884e-10,8.544213015470582e-8,7.627768982682174e-8,919,"tags=23%, list=11%, signal=21%",Acta1/Neb/Actn3/Casq1/Ryr1/Mybpc2/Ttn/Mybpc1/Tnnt3/Nrap/Cav2/Myom1/Flnc/Ldb3/Tpm1/Ankrd23/Speg/Bhlhe41/Krt19/Nr3c1/Map2k4/Pak1/Akap13/Tmod3/Krt8/Atp11a/Casp1/Slc25a4/Klf5/Dmpk/Smo/Cd9/Met/Mmp14/Irx3/Srf/Pgm5/Cfl2/Pdlim5/Rb1/Bcl9/Ptgfrn
GO:0006941,striated muscle contraction,75,0.7187113390967056,2.396697577183962,6.343876774542715e-10,2.7526658040811253e-7,2.4574175295070727e-7,663,"tags=31%, list=8%, signal=29%",Actn3/Casq1/Ryr1/Ttn/Myl1/Tnnc2/Tnnt3/Tnni2/Atp2a1/Gsn/Kcnj2/Tpm1/Kbtbd13/Abcc9/Atp1a2/Dsp/Cav1/Smad5/Synm/Dmpk/Smtn/Met/Atp1a3
GO:0006936,muscle contraction,128,0.6194818239245209,2.235628310972051,1.4098308707259786e-9,5.176248266134689e-7,4.6210488782985923e-7,663,"tags=26%, list=8%, signal=24%",Myh4/Actn3/Casq1/Ryr1/Mybpc2/Myh1/Ttn/Myl1/Mylpf/Tnnc2/Mybpc1/Tnnt3/Tnni2/Atp2a1/Myh2/Myom1/Gsn/Kcnj2/Tpm1/Kbtbd13/Abcc9/Atp1a2/Tmod3/Dsp/Cav1/Smad5/Synm/Dmpk/Tpm2/Sulf2/Smtn/Met/Atp1a3
GO:0042692,muscle cell differentiation,249,0.5301682878514133,2.069367627066106,1.3863256553450322e-9,5.176248266134689e-7,4.6210488782985923e-7,1195,"tags=24%, list=14%, signal=21%",Acta1/Neb/Actn3/Casq1/Ryr1/Mybpc2/Ttn/Mybpc1/Tnnt3/Nrap/Cav2/Myom1/Flnc/Ldb3/Cfd/Tpm1/Ankrd23/Speg/Bhlhe41/Krt19/Id2/Nr3c1/Map2k4/Pak1/Akap13/Ctnnb1/Tmod3/Krt8/Atp11a/Casp1/Pbrm1/Slc25a4/Klf5/Tmtc3/Dmpk/Smo/Cd9/Ifrd1/Met/Mmp14/Irx3/Srf/Pgm5/Cfl2/Pdlim5/Rb1/Bcl9/Ptgfrn/Asb2/Fzd7/Rbm4/Lmod1/Lama2/Chuk/Fhod3/Dll1/Myof/Gsk3b/Syne1/Col6a1
GO:0002252,immune effector process,337,-0.465736170189209,-2.016622759733298,1.68332477415966e-9,5.738935105045755e-7,5.123382470525042e-7,624,"tags=19%, list=7%, signal=18%",Evpl/Atg9a/Slfn2/Tap1/Nfkbiz/Iglc1/Nmi/Plekhm2/Sema7a/Igha/Tlr3/Cd74/Inava/St3gal1/Lfng/D6Wsu163e/Il6ra/Gbf1/Cfb/Arrb2/Myo1f/H2-DMb1/C3/Cfp/Stxbp1/H2-Q6/Cd1d2/Ighv1-64/Irf5/H2-DMa/Gadd45g/Inpp5d/H2-Q1/Nckap1l/Irf8/Mzb1/Ighv9-3/Phf14/Il1b/Vav1/Itgb2/Dock10/Laptm5/Iglc2/Ighv1-76/Ighv1-53/Dennd1b/H2-Ea/Dock2/Itgal/Ighg2c/Ptprc/Ptpn6/Coro1a/Myo1g/H2-DMb2/Ighm/Gimap3/Rac2/Ighg2b/Cd37/Cd22/Cd19
GO:0007517,muscle organ development,178,0.5655801721610622,2.1232490549291647,3.1343350745967956e-9,9.973454207367003e-7,8.903711145240581e-7,983,"tags=24%, list=12%, signal=21%",Acta1/Actn3/Casq1/Ryr1/Ttn/Mylpf/Xirp2/Cav2/Myom1/Des/Gpcpd1/Smad3/Tpm1/Jph2/Atf3/Abcc9/Ctnnb1/Zfp609/Klf5/Dsp/Cav1/Cited2/Skil/Foxc1/Unc45b/Tgfbr1/Kmt5b/Gtf3c5/Smo/Hlf/Tgfbr3/Met/Col3a1/Mbnl1/Cfl2/Rb1/Bcl9/Lrp6/Rbpj/Boc/Asb2/Tgfb2
GO:0045214,sarcomere organization,27,0.8759579847210441,2.4142349154974165,4.48652128704616e-9,1.3383853814419576e-6,1.1948314585501879e-6,308,"tags=52%, list=4%, signal=50%",Neb/Casq1/Mybpc2/Ttn/Mybpc1/Tnnt3/Myom1/Flnc/Ldb3/Tpm1/Ankrd23/Krt19/Akap13/Krt8
GO:0002250,adaptive immune response,217,-0.5039541497689066,-2.058978085351139,8.568095448786992e-9,2.4056187986506065e-6,2.1475944505690244e-6,608,"tags=19%, list=7%, signal=18%",Slfn2/Tap1/Nfkbiz/Iglc1/Tfeb/Prkd2/Igha/Cd74/Jchain/Csk/Il6ra/Igkc/H2-DMb1/C3/H2-Q6/Cd1d2/Ighv1-64/H2-DMa/Serpina3g/Gadd45g/Inpp5d/H2-Q1/Nckap1l/Igkv6-17/Ighv9-3/Il1b/Pik3cd/Iglc2/Ighv1-76/Ighv1-53/Adcy7/Dennd1b/H2-Ea/Ighg2c/Ptprc/Ptpn6/Myo1g/Ighm/Gimap3/Ighg2b/Cd79a/Cd19
GO:0031032,actomyosin structure organization,138,0.6006492823014891,2.1890615328094585,1.4852412191647301e-8,3.938364632818476e-6,3.5159394474729986e-6,1099,"tags=30%, list=13%, signal=26%",Acta1/Neb/Casq1/Mybpc2/Ttn/Mybpc1/Tnnt3/Nrap/Myom1/Tgfb3/Flnc/Ldb3/Clasp1/Smad3/Tpm1/Ankrd23/Krt19/Pak1/Pdlim4/Akap13/Tmod3/Krt8/Cnn3/Pik3r1/Sorbs1/Tgfbr1/Met/Clasp2/Srf/Rhoc/Epb41l5/Pgm5/Synpo/Cfl2/Arhgef10l/Arhgap28/Lmod1/Cnn1/Sh3pxd2b/Zyx/Fhod3
GO:0009887,animal organ morphogenesis,473,0.429651650212036,1.7726953457764116,2.811760050309489e-8,7.063437221119574e-6,6.305819769336738e-6,1214,"tags=27%, list=14%, signal=24%",Acta1/Actn3/Ryr1/Ttn/Xirp2/Fbxw11/Rbm20/Tgfb3/Sox4/Thbs1/Agtpbp1/Stat5a/Wdpcp/Smad3/Ltf/Slc12a2/Tpm1/Gas1/Id2/Fbn1/Nr3c1/Hyal2/Abcc9/Tfap2c/Ctnnb1/Lamc2/Hipk1/Mdfi/Pbrm1/Mdm4/Lamb3/Dnah11/Fem1b/Dsp/Traf6/Zmiz1/Rtn4/Mmp2/Alpl/Cdh1/Odam/Tgm2/Cav1/Col27a1/Nab2/Bpnt2/Plxna1/Col5a2/Tmtc3/Lama3/Zfand5/Cited2/Myo5a/Tet2/Nphp3/Foxc1/Acvr2a/Ptk7/Sulf2/Col1a2/Trip11/Tgfbr1/Insr/Smo/Btbd7/Twsg1/Tgfbr3/Met/Fzd6/Tprn/Plau/Phactr4/Insig2/Col1a1/Ephb4/Mmp14/Hif1a/Col3a1/Jag2/Irx3/Srf/Sgpl1/Cbs/Tead2/Apc/Tiparp/Egfr/Gata3/Pcnt/Rela/Nsd2/Itpr1/Ddr1/Itga6/Arid2/Lrp6/Rbpj/Prkci/Actg2/Tgfbr2/Sox17/Glg1/Itgav/Asb2/Ptprm/Ceacam1/Tgfb2/Irx1/Myo6/Lama2/Chuk/Sh3pxd2b/Ctnnd1/Nedd4/Asxl2/Dll1/Pafah1b1/Rest/Sufu/Gsk3b/Shroom2/Col6a1/Flt1/Man2a1/Mafb/Stat3
GO:0070661,leukocyte proliferation,173,-0.5253263878200889,-2.079077483819673,4.876606896112047e-8,1.16380223575714e-5,1.038973932392714e-5,644,"tags=21%, list=8%, signal=20%",Bcl2l1/Slfn2/Nfkbiz/Msn/H2-Aa/Csf2ra/Dhps/Cd74/Gja1/Cnn2/Irs2/Cfb/H2-DMb1/Ccdc88b/Cd1d2/Cdkn1a/Zc3h12d/Inpp5d/Nckap1l/Mzb1/Il1b/Itgb2/Carmil2/Laptm5/Dock2/Itgal/Ptprc/Ptpn6/Coro1a/Rasal3/H2-DMb2/Ighm/Rac2/Cd79a/Cd37/Cd22/Cd19
GO:0046651,lymphocyte proliferation,152,-0.544369274809668,-2.1094199617047904,5.793218956395337e-8,1.3167159085178544e-5,1.1754862323553044e-5,426,"tags=22%, list=5%, signal=22%",Slfn2/Nfkbiz/Msn/H2-Aa/Dhps/Cd74/Gja1/Irs2/Cfb/H2-DMb1/Ccdc88b/Cd1d2/Cdkn1a/Zc3h12d/Inpp5d/Nckap1l/Mzb1/Il1b/Itgb2/Carmil2/Laptm5/Dock2/Itgal/Ptprc/Ptpn6/Coro1a/Rasal3/H2-DMb2/Ighm/Rac2/Cd79a/Cd37/Cd22/Cd19
GO:0007519,skeletal muscle tissue development,101,0.6163333038899228,2.18215688715587,7.600683470965027e-8,1.597992648844941e-5,1.4265935012789753e-5,895,"tags=23%, list=11%, signal=21%",Acta1/Actn3/Casq1/Ryr1/Mylpf/Cav2/Myom1/Gpcpd1/Atf3/Abcc9/Ctnnb1/Klf5/Cav1/Cited2/Skil/Gtf3c5/Smo/Hlf/Met/Mbnl1/Cfl2/Rb1/Bcl9
GO:0032943,mononuclear cell proliferation,158,-0.5412935626003292,-2.1041332352313398,7.700362648949014e-8,1.597992648844941e-5,1.4265935012789753e-5,426,"tags=23%, list=5%, signal=22%",Bcl2l1/Slfn2/Nfkbiz/Msn/H2-Aa/Dhps/Cd74/Gja1/Cnn2/Irs2/Cfb/H2-DMb1/Ccdc88b/Cd1d2/Cdkn1a/Zc3h12d/Inpp5d/Nckap1l/Mzb1/Il1b/Itgb2/Carmil2/Laptm5/Dock2/Itgal/Ptprc/Ptpn6/Coro1a/Rasal3/H2-DMb2/Ighm/Rac2/Cd79a/Cd37/Cd22/Cd19
GO:0007507,heart development,368,0.44713146113302027,1.8175951985015943,8.198630729182677e-8,1.630502686266205e-5,1.4556165434969945e-5,1254,"tags=25%, list=15%, signal=22%",Neb/Ryr1/Ttn/Xirp2/Nrap/Rbm20/Sox4/Thbs1/Ldb3/Fn1/Smad3/Ap2b1/Tpm1/Zdhhc16/Speg/Jph2/Id2/Fbn1/Nr3c1/Map2k4/Pak1/Pdlim4/Pdlim3/Jarid2/Abcc9/Akap13/Ctnnb1/Pbrm1/Mdm4/Slc25a4/Dnah11/Dsp/Zmiz1/Rtn4/Mmp2/Cited2/Ift74/Nphp3/Foxc1/Ptk7/Trp53bp2/Trip11/Tgfbr1/Insr/Smo/Kctd10/Ece1/Pdlim7/Tgfbr3/Met/Vcam1/Tmem94/Adipor2/Ephb4/Hif1a/Col3a1/Irx3/Srf/Tnfrsf1a/Tead2/Apc/Egfr/Gata3/Pcnt/Tenm4/Nsd2/Pdlim5/Rb1/Arid2/Lrp6/Rbpj/Tgfbr2/Sox17/Asb2/Tgfb2/Ifitm2/Fzd7/Sh3pxd2b/Fhod3/Sox18/Nedd4/Asxl2/Dll1/Rest/Sufu/Gsk3b/Col6a1/Ptpn11/Lrp1/Nf1/Borcs8
GO:0030029,actin filament-based process,486,0.418384884966735,1.7283703823447782,9.240555814368347e-8,1.7642069160792048e-5,1.5749797868026555e-5,1619,"tags=32%, list=19%, signal=28%",Acta1/Neb/Actn3/Casq1/Mybpc2/Ttn/Mybpc1/Tnnt3/Xirp2/Atp2a1/Nrap/Myh2/Myom1/Tgfb3/Gsn/Flnc/Ldb3/Clasp1/Kcnj2/Gas7/Smad3/Anxa1/Tpm1/Ankrd23/Rictor/Krt19/Scin/Tln2/Lats1/Pkp3/Pak1/Kbtbd13/Pdlim4/Pdlim3/Dstn/Abcc9/Akap13/Atp1a2/Tmod3/Myo1b/Frmd6/Cdc42ep3/Krt8/Casp4/Cnn3/Abl2/Dsp/Atxn3/Cdh1/Taok1/Odam/Bcl6/Cav1/Pik3r1/Sorbs1/Nostrin/Crk/Sun2/Myo5a/Akap11/Tpm2/Ptk7/Auts2/Arap2/Shroom4/Rhoj/Tgfbr1/Washc4/Fnbp1l/Smtn/Pdlim7/Met/Jmy/Tlr2/Synpo2/Phactr4/Pls3/Clasp2/Srf/Myo1e/Fmnl2/Rhoc/Epb41l5/Map3k1/Marcksl1/Pgm5/Acap2/Synpo/Cfl2/Dnajb6/Lima1/Pdlim5/Daam1/Amotl1/Prkci/Arhgef10l/Arfip1/Asb2/Capg/Tgfb2/Arhgap28/Myo6/Coro1c/Cavin3/Lmod1/Cnn1/Sh3pxd2b/Myadm/Zyx/Farp1/Fhod3/Cttn/Sptbn2/Rhoq/Cald1/Pafah1b1/Rnh1/Nedd4l/Shroom2/Myo18a/Lrp1/Nedd9/Acta2/Mlst8/Nf1/Cd47/Cotl1/Csrp1/Myo5b/Pip5k1a/Ptger4/Dtnbp1/Ehd2/Tnik/Actn4/Tpm4/Itgb1/Pak2/Trpm7/Jup/Shc1/Gmfb/Shtn1/Ccdc88a/Nckap1/Ptpn1/Arap1/Cdc42ep1/Myh11/Shank3/Srgap2/Cyfip1/Sptbn1/Actb/Kcnc3/Arfgef1/Plek2
GO:0042113,B cell activation,158,-0.538177736461152,-2.09202129858988,1.0914357982649807e-7,2.0036242558149048e-5,1.7887174539986403e-5,449,"tags=17%, list=5%, signal=16%",Zbtb7a/Cd74/St3gal1/Nfatc1/Lfng/Irs2/Cfb/Igkc/C3/Ikzf1/Cdkn1a/Cmtm7/Inpp5d/Nckap1l/Irf8/Mzb1/Phf14/Pik3cd/Dock10/Laptm5/Ptprc/Ptpn6/Il2rg/Ighm/Cd79a/Cd22/Cd19
GO:0016064,immunoglobulin mediated immune response,84,-0.6371045931914888,-2.287157794271483,1.2995485661193623e-7,2.2973130763287837e-5,2.0509054953805764e-5,594,"tags=24%, list=7%, signal=22%",Nfkbiz/Iglc1/Igha/Cd74/C3/Ighv1-64/H2-DMa/Inpp5d/Ighv9-3/Iglc2/Ighv1-76/Ighv1-53/H2-Ea/Ighg2c/Ptprc/Ptpn6/Ighm/Gimap3/Ighg2b/Cd19
GO:0002449,lymphocyte mediated immunity,163,-0.5286201054379501,-2.0720059904886554,2.0590728574468688e-7,3.5099838387835376e-5,3.1335063635131294e-5,608,"tags=20%, list=7%, signal=19%",Slfn2/Tap1/Nfkbiz/Iglc1/Plekhm2/Igha/Cd74/Arrb2/C3/H2-Q6/Cd1d2/Ighv1-64/H2-DMa/Inpp5d/H2-Q1/Nckap1l/Ighv9-3/Il1b/Vav1/Iglc2/Ighv1-76/Ighv1-53/Dennd1b/H2-Ea/Ighg2c/Ptprc/Ptpn6/Coro1a/Myo1g/Ighm/Gimap3/Ighg2b/Cd19
GO:0060538,skeletal muscle organ development,107,0.6111212299071999,2.1780796183292135,2.254375013550848e-7,3.710390324026964e-5,3.312417442778161e-5,895,"tags=22%, list=11%, signal=20%",Acta1/Actn3/Casq1/Ryr1/Mylpf/Cav2/Myom1/Des/Gpcpd1/Atf3/Abcc9/Ctnnb1/Klf5/Cav1/Cited2/Skil/Gtf3c5/Smo/Hlf/Met/Mbnl1/Cfl2/Rb1/Bcl9
GO:0002443,leukocyte mediated immunity,209,-0.49355624343808707,-2.0087595162699152,2.710344796071534e-7,4.31215857054981e-5,3.8496406085956384e-5,608,"tags=19%, list=7%, signal=18%",Slfn2/Tap1/Nfkbiz/Iglc1/Plekhm2/Igha/Tlr3/Cd74/D6Wsu163e/Arrb2/Myo1f/C3/Stxbp1/H2-Q6/Cd1d2/Ighv1-64/H2-DMa/Inpp5d/H2-Q1/Nckap1l/Ighv9-3/Il1b/Vav1/Itgb2/Iglc2/Ighv1-76/Ighv1-53/Dennd1b/H2-Ea/Ighg2c/Ptprc/Ptpn6/Coro1a/Myo1g/Ighm/Gimap3/Rac2/Ighg2b/Cd19
GO:0019724,B cell mediated immunity,85,-0.6357907641862794,-2.2904305332528283,2.9162255192046647e-7,4.4900465816657627e-5,4.0084485235112e-5,594,"tags=24%, list=7%, signal=22%",Nfkbiz/Iglc1/Igha/Cd74/C3/Ighv1-64/H2-DMa/Inpp5d/Ighv9-3/Iglc2/Ighv1-76/Ighv1-53/H2-Ea/Ighg2c/Ptprc/Ptpn6/Ighm/Gimap3/Ighg2b/Cd19
GO:0046649,lymphocyte activation,425,-0.39896533053650474,-1.7658370662608416,3.280376702811679e-7,4.892886875787545e-5,4.368080556901867e-5,657,"tags=16%, list=8%, signal=15%",Sh3kbp1/Polm/H2-Ab1/Chd7/Slfn2/Nfkbiz/Msn/H2-Aa/Slc39a6/Il15ra/Rhbdd3/Zbtb7a/Dhps/Cd74/Il11ra1/St3gal1/Nfatc1/Sox13/Lfng/Gja1/Csk/Il6ra/Irs2/Prex1/Cfb/Igkc/H2-DMb1/C3/Ikzf1/Ccdc88b/Cd1d2/Cdkn1a/H2-DMa/Cmtm7/Zc3h12d/Gadd45g/Inpp5d/Nckap1l/Irf8/Mzb1/Phf14/Il1b/Vav1/Pik3cd/Itgb2/Dock10/Carmil2/Laptm5/Igtp/H2-Ea/Dock2/Itgal/Ptprc/Ptpn6/Coro1a/Rasal3/H2-DMb2/Il2rg/Wdfy4/Ighm/Gimap3/Rac2/Cd79a/Cd37/Cd22/Cd19
GO:0140694,non-membrane-bounded organelle assembly,288,0.4617520087969357,1.8317203786984073,8.291446554810792e-7,1.199244678973088e-4,1.0706148533931127e-4,1099,"tags=20%, list=13%, signal=18%",Acta1/Neb/Casq1/Mybpc2/Ttn/Mybpc1/Tnnt3/Nrap/Myom1/Gsn/Flnc/Ldb3/Clasp1/Cnot6l/Tubgcp5/Tpm1/Ankrd23/Ythdf2/Krt19/Plk2/Akap13/Kifc2/Tmod3/Gpsm2/Krt8/Fitm2/Ccp110/Ddx3x/Eif1a/Chek2/Rnf4/Fmr1/Hspa1b/Clasp2/Hif1a/Srf/G3bp2/Rab11a/Pgm5/Cnot6/Cfl2/Ddx6/Cep85/Limd1/Ythdf1/Haus4/Tubgcp2/Pum2/Stag2/Asb2/Kif3b/Lsm14a/Lmod1/Sh3pxd2b/Rc3h1/Prkaa2/Fhod3
GO:0044057,regulation of system process,254,0.4748634689576491,1.8599627321989136,8.809968041805182e-7,1.2367640430451803e-4,1.104109926725306e-4,1233,"tags=26%, list=15%, signal=23%",Spp1/Actn3/Casq1/Ryr1/Ttn/Tnnc2/Tnnt3/Cmya5/Atp2a1/Gsn/Kcnj2/Smad3/Tpm1/Gas6/Mtmr4/Nr3c1/Pak1/Kbtbd13/Plk2/Per2/Jarid2/Abcc9/Atp1a2/Mdm4/Slc25a4/Dsp/Gch1/Mmp2/Apoe/Adipoq/Cav1/Pik3r1/Runx1/Dmpk/Acvr2a/Retn/Fmr1/Smtn/Wdr35/Ece1/Hif1a/Irx3/Srf/Tnfrsf1a/App/Egfr/Dock4/Mgll/Tenm4/Ace2/Hnrnpk/Tgfb2/Cry2/Calm2/Ptger2/Prkcz/Atp2b1/Cttn/Cald1/Svep1/Tmem161b/Rbfox2/Gsk3b/Egr2/Flt1/Nr1h2/Ptpn11
GO:0042100,B cell proliferation,43,-0.7259171218843575,-2.301763718717664,1.8498326866158949e-6,2.5226432609193333e-4,2.2520669820815466e-4,416,"tags=28%, list=5%, signal=27%",Cd74/Irs2/Cfb/Cdkn1a/Inpp5d/Nckap1l/Mzb1/Ptprc/Ighm/Cd79a/Cd22/Cd19
GO:0030183,B cell differentiation,91,-0.5842844373283456,-2.1221943986350422,2.9261672859300895e-6,3.879610126595644e-4,3.463486892820176e-4,449,"tags=21%, list=5%, signal=20%",Zbtb7a/St3gal1/Nfatc1/Lfng/Igkc/Ikzf1/Cmtm7/Inpp5d/Nckap1l/Irf8/Phf14/Dock10/Laptm5/Ptprc/Ptpn6/Il2rg/Ighm/Cd79a/Cd19
GO:0002460,adaptive immune response based on somatic recombination of immune receptors built from immunoglobulin superfamily domains,174,-0.48238117381477036,-1.9098994698908651,3.754163565925596e-6,4.8428710000440186e-4,4.323429335666234e-4,261,"tags=17%, list=3%, signal=17%",Slfn2/Nfkbiz/Iglc1/Igha/Cd74/Il6ra/C3/H2-Q6/Cd1d2/Ighv1-64/H2-DMa/Gadd45g/Inpp5d/H2-Q1/Nckap1l/Ighv9-3/Il1b/Iglc2/Ighv1-76/Ighv1-53/Dennd1b/H2-Ea/Ighg2c/Ptprc/Ptpn6/Myo1g/Ighm/Gimap3/Ighg2b/Cd19
GO:0030036,actin cytoskeleton organization,450,0.40315669320587594,1.6579775251306086,5.3569510922692215e-6,6.728612516684472e-4,6.006908039198285e-4,1619,"tags=32%, list=19%, signal=27%",Acta1/Neb/Actn3/Casq1/Mybpc2/Ttn/Mybpc1/Tnnt3/Xirp2/Nrap/Myom1/Tgfb3/Gsn/Flnc/Ldb3/Clasp1/Gas7/Smad3/Anxa1/Tpm1/Ankrd23/Rictor/Krt19/Scin/Tln2/Lats1/Pkp3/Pak1/Kbtbd13/Pdlim4/Pdlim3/Dstn/Akap13/Tmod3/Myo1b/Cdc42ep3/Krt8/Casp4/Cnn3/Abl2/Atxn3/Cdh1/Taok1/Odam/Bcl6/Pik3r1/Sorbs1/Nostrin/Crk/Myo5a/Akap11/Tpm2/Ptk7/Auts2/Arap2/Shroom4/Rhoj/Tgfbr1/Washc4/Smtn/Pdlim7/Met/Jmy/Tlr2/Synpo2/Phactr4/Pls3/Clasp2/Srf/Myo1e/Fmnl2/Rhoc/Epb41l5/Map3k1/Marcksl1/Pgm5/Synpo/Cfl2/Dnajb6/Lima1/Pdlim5/Daam1/Amotl1/Prkci/Arhgef10l/Arfip1/Asb2/Capg/Tgfb2/Arhgap28/Myo6/Coro1c/Cavin3/Lmod1/Cnn1/Sh3pxd2b/Myadm/Zyx/Farp1/Fhod3/Cttn/Sptbn2/Rhoq/Cald1/Pafah1b1/Rnh1/Shroom2/Myo18a/Lrp1/Nedd9/Mlst8/Nf1/Cd47/Cotl1/Csrp1/Myo5b/Pip5k1a/Ptger4/Dtnbp1/Ehd2/Tnik/Actn4/Tpm4/Itgb1/Pak2/Trpm7/Shc1/Gmfb/Shtn1/Ccdc88a/Nckap1/Ptpn1/Arap1/Cdc42ep1/Myh11/Shank3/Cyfip1/Sptbn1/Actb/Kcnc3/Arfgef1/Plek2
GO:0002455,humoral immune response mediated by circulating immunoglobulin,24,-0.8034504982716167,-2.2662605780384673,6.787156483891376e-6,8.306435358362446e-4,7.415495127339349e-4,476,"tags=33%, list=6%, signal=32%",Igha/C3/Ighg2c/Ptprc/Ptpn6/Ighm/Gimap3/Ighg2b
GO:0014904,myotube cell development,22,0.8145185410675094,2.137435112209005,7.611765058299607e-6,9.082738655816007e-4,8.108532883157055e-4,37,"tags=18%, list=0%, signal=18%",Acta1/Actn3/Ryr1/Cav2
GO:0060048,cardiac muscle contraction,57,0.661596326924681,2.117811569456977,1.0815832954219293e-5,0.0012591212363533826,0.0011240691090803516,663,"tags=26%, list=8%, signal=24%",Ttn/Myl1/Tnni2/Atp2a1/Gsn/Kcnj2/Tpm1/Abcc9/Atp1a2/Dsp/Cav1/Smad5/Smtn/Met/Atp1a3
GO:0070663,regulation of leukocyte proliferation,126,-0.5058497033170287,-1.925625688449117,1.3549763169783003e-5,0.0015058173348808479,0.001344304822432691,456,"tags=21%, list=5%, signal=20%",Csf2ra/Dhps/Cd74/Cnn2/Irs2/H2-DMb1/Ccdc88b/Cd1d2/Cdkn1a/Zc3h12d/Inpp5d/Nckap1l/Mzb1/Il1b/Carmil2/Laptm5/Itgal/Ptprc/Ptpn6/Coro1a/Rasal3/H2-DMb2/Ighm/Rac2/Cd37/Cd22
GO:0003007,heart morphogenesis,147,0.5160077998397803,1.8980782046531108,1.3565921935863494e-5,0.0015058173348808479,0.001344304822432691,1176,"tags=28%, list=14%, signal=24%",Ryr1/Ttn/Xirp2/Rbm20/Sox4/Thbs1/Smad3/Tpm1/Id2/Abcc9/Ctnnb1/Pbrm1/Mdm4/Dnah11/Dsp/Zmiz1/Rtn4/Cited2/Nphp3/Foxc1/Tgfbr1/Insr/Smo/Tgfbr3/Ephb4/Hif1a/Srf/Tead2/Gata3/Nsd2/Arid2/Lrp6/Rbpj/Tgfbr2/Sox17/Asb2/Tgfb2/Nedd4/Asxl2/Dll1/Sufu
GO:0003009,skeletal muscle contraction,19,0.8306800470770714,2.133426329396135,1.9633125491481152e-5,0.002109289744489837,0.001883049364450221,503,"tags=53%, list=6%, signal=50%",Actn3/Casq1/Tnnc2/Tnnt3/Tnni2/Atp2a1/Kcnj2/Kbtbd13/Synm/Dmpk
GO:0048741,skeletal muscle fiber development,19,0.8300973747555104,2.1319298585508286,1.9886452650752705e-5,0.002109289744489837,0.001883049364450221,37,"tags=21%, list=0%, signal=21%",Acta1/Actn3/Ryr1/Cav2
GO:0050853,B cell receptor signaling pathway,28,-0.773612921687566,-2.272291626052461,2.1239414801848114e-5,0.00220382014889611,0.0019674405290132993,225,"tags=29%, list=3%, signal=28%",Cmtm3/Nckap1l/Ptprc/Ptpn6/Ighm/Cd79a/Cd22/Cd19
GO:0006942,regulation of striated muscle contraction,41,0.7068087537400507,2.1414108728438865,2.322022366152324e-5,0.002308960990342717,0.0020613040653913615,603,"tags=27%, list=7%, signal=25%",Actn3/Casq1/Tnnt3/Atp2a1/Kcnj2/Kbtbd13/Atp1a2/Dsp/Cav1/Dmpk/Smtn
GO:0050864,regulation of B cell activation,76,-0.5818151370611162,-2.061826720298492,2.295955818984293e-5,0.002308960990342717,0.0020613040653913615,416,"tags=17%, list=5%, signal=16%",Cd74/Irs2/Cdkn1a/Inpp5d/Nckap1l/Mzb1/Laptm5/Ptprc/Ptpn6/Il2rg/Ighm/Cd22/Cd19
GO:0034330,cell junction organization,448,0.3894752026751679,1.600737298002442,2.6044533915491534e-5,0.002536950211809002,0.0022648393832418847,1395,"tags=27%, list=16%, signal=24%",Actn3/Xirp2/Cldn4/Cdh19/Thbs2/Tgfb3/Clasp1/Wdpcp/Fn1/Mpdz/Zfp703/Smad3/Apod/Tln2/Col4a5/Lats1/Col16a1/Pkp3/Pak1/Srgap3/Vcl/Tanc2/Ctnnb1/Hipk1/Il1rap/Prnp/Pdpk1/Abl2/Dsp/Rtn4/Apoe/Cdh1/Ocel1/Cav1/Pik3r1/Sorbs1/Plxna1/Lama3/Crk/Ank3/Chd4/Myo5a/Dmpk/Stk38l/Erc1/Cadm1/Tgfbr1/Insr/Col17a1/Cd9/Gna13/Tlr2/Pls3/Cldn7/Clasp2/Mmp14/Gjb2/Irx3/Dock7/Srf/Lgmn/Rhoc/Epb41l5/App/Slc9a6/Dock4/Sdcbp/Mesd/Asap1/Tenm4/Synpo/Ace2/Pdlim5/Ocln/Daam1/Sema3f/Prkci/Slk/Cdh3/Pum2/Hnrnpk/Nbea/Itgav/Ceacam1/Cadm4/Tgfb2/Myo6/Dnm1l/Adam10/Coro1c/Nfasc/Farp1/Mark2/Cttn/Sptbn2/Nedd4/Svep1/Pafah1b1/Rest/Vezt/Gsk3b/Nedd4l/Shroom2/Ube3b/Slc39a9/Ptpn11/Lrp1/Nedd9/Lsr/Nf1/Appl1/Rap1b/Chmp2b/Pkn2/Cd47/Itga5/Rbmx/Myo5b/Kif5b/Pip5k1a/Dtnbp1/Dhx36/Ckap5
GO:0002697,regulation of immune effector process,203,-0.4411534113244076,-1.7800745938698488,2.8323604597489243e-5,0.002703771294876323,0.0024137673981186624,624,"tags=17%, list=7%, signal=16%",Evpl/Atg9a/Tap1/Nfkbiz/Sema7a/Tlr3/Cd74/Inava/D6Wsu163e/Arrb2/H2-DMb1/C3/Cfp/Stxbp1/H2-Q6/Cd1d2/Irf5/H2-Q1/Nckap1l/Mzb1/Il1b/Vav1/Itgb2/Laptm5/Dennd1b/H2-Ea/Ptprc/Ptpn6/H2-DMb2/Ighm/Gimap3/Rac2/Ighg2b/Cd37/Cd22
GO:0032944,regulation of mononuclear cell proliferation,116,-0.5222471915154115,-1.9555395793353816,3.2001833864698036e-5,0.0029408269946513683,0.002625396732574402,426,"tags=22%, list=5%, signal=21%",Dhps/Cd74/Cnn2/Irs2/H2-DMb1/Ccdc88b/Cd1d2/Cdkn1a/Zc3h12d/Inpp5d/Nckap1l/Mzb1/Il1b/Carmil2/Laptm5/Itgal/Ptprc/Ptpn6/Coro1a/Rasal3/H2-DMb2/Ighm/Rac2/Cd37/Cd22
GO:0050670,regulation of lymphocyte proliferation,112,-0.5252204068739088,-1.9524505836952175,3.246341922284539e-5,0.0029408269946513683,0.002625396732574402,426,"tags=21%, list=5%, signal=21%",Dhps/Cd74/Irs2/H2-DMb1/Ccdc88b/Cd1d2/Cdkn1a/Zc3h12d/Inpp5d/Nckap1l/Mzb1/Il1b/Carmil2/Laptm5/Itgal/Ptprc/Ptpn6/Coro1a/Rasal3/H2-DMb2/Ighm/Rac2/Cd37/Cd22
GO:0050776,regulation of immune response,500,-0.34844119349695973,-1.565840314630223,3.265531756055364e-5,0.0029408269946513683,0.002625396732574402,936,"tags=16%, list=11%, signal=16%",Lime1/Otop1/Themis2/Cyba/Tmem126a/Gigyf2/Naglu/Tnfsf13/Zbp1/Pqbp1/Nlrx1/Serping1/Nod1/Ecsit/Lrrc14/Ctsh/Abr/Jak3/Trafd1/Lrch4/H2-Eb1/Abhd17a/Ifi35/Ikbke/H2-Ab1/Evpl/Nr1d1/Tap1/Nfkbiz/Nmi/H2-Aa/Prkd2/Lgr4/Slc39a6/Igha/Parp1/Tlr3/Cd74/Inava/Cacnb3/Mndal/Csk/Trim62/Cfb/Arrb2/Myo1f/H2-DMb1/Tnip1/C3/Cfp/H2-Q6/Cmtm3/Cd1d2/Hmgb2/H2-DMa/Clec12a/Inpp5d/H2-Q1/Nckap1l/Nlrc5/Il1b/Vav1/Itgb2/Carmil2/Laptm5/Igtp/Adcy7/Dennd1b/H2-Ea/Ptprs/Ighg2c/Ptprc/Ptpn6/Myo1g/H2-DMb2/Ighm/Gimap3/Ighg2b/Cd79a/Cd37/Cd22/Cd19
GO:0090075,relaxation of muscle,15,0.8618697016718223,2.068887969436893,3.69435574735458e-5,0.0032653999966895204,0.0029151563480100083,220,"tags=40%, list=3%, signal=39%",Actn3/Ttn/Atp2a1/Gsn/Kcnj2/Kbtbd13
GO:0008202,steroid metabolic process,147,0.5015980235852763,1.845073420130291,4.238775444608471e-5,0.0036784863994756786,0.0032839355023493,1277,"tags=24%, list=15%, signal=21%",Spp1/Cyp24a1/Abca1/Acaa1b/Cyp2e1/Stat5a/Ephx2/Abca5/Gnai1/H6pd/Nr3c1/Erlin1/Cyp39a1/Apoe/Idi1/Soat1/Hmgcs1/Insig2/Cyp51/Sgpl1/App/Tiparp/Msmo1/Sdr42e1/Lima1/Aplp2/Ces1d/Sec14l2/Comt/Prkaa2/Lss/Sc5d/Rest/Lrp1/Pbx1
GO:0050778,positive regulation of immune response,412,-0.35839986687706066,-1.5694975915289648,4.5684238591987996e-5,0.00389376554999212,0.0034761240191798384,936,"tags=17%, list=11%, signal=16%",Lime1/Themis2/Cyba/Tmem126a/Naglu/Tnfsf13/Zbp1/Pqbp1/Nlrx1/Serping1/Nod1/Ecsit/Lrrc14/Lrch4/H2-Eb1/Abhd17a/Ifi35/Ikbke/H2-Ab1/Nr1d1/Nfkbiz/Nmi/H2-Aa/Prkd2/Lgr4/Slc39a6/Igha/Parp1/Tlr3/Cd74/Inava/Cacnb3/Mndal/Csk/Trim62/Cfb/Arrb2/H2-DMb1/Tnip1/C3/Cfp/H2-Q6/Cmtm3/Cd1d2/Hmgb2/H2-DMa/H2-Q1/Nckap1l/Nlrc5/Il1b/Vav1/Itgb2/Carmil2/Laptm5/Igtp/Dennd1b/H2-Ea/Ptprs/Ighg2c/Ptprc/Ptpn6/Myo1g/H2-DMb2/Ighm/Gimap3/Ighg2b/Cd79a/Cd22/Cd19
GO:1901615,organic hydroxy compound metabolic process,258,0.43548231377175095,1.7106022925777826,4.8168644392470214e-5,0.004033490169916849,0.0036008619113706264,1167,"tags=25%, list=14%, signal=22%",Actn3/Cyp24a1/Adh1/Abca1/Acaa1b/Cyp2e1/Rdh12/Ephx2/Abca5/Pla2g4a/Gnai1/Gk5/H6pd/Atp7a/Ctsk/Ctsl/Idh1/Per2/Npr1/Erlin1/Cyp39a1/Pck1/Ppip5k2/Gch1/Alpl/Apoe/Plpp2/Sptssa/Myo5a/Aldh1a7/Grk3/Idi1/Soat1/Hmgcs1/Pfkfb2/Ldhd/Ptgr1/Insig2/Ipmk/Cyp51/Hif1a/Gipc1/Rdh11/App/Pltp/Msmo1/Gata3/Ctsb/Lima1/Mfsd12/Sult1d1/Aplp2/Ces1d/Cdh3/Sec14l2/Comt/Sptlc2/Tgfb2/Aldh3a2/Prkaa2/Lss/Sc5d/Myof/Rest
GO:0006959,humoral immune response,68,-0.5975192583114758,-2.084744753174139,5.114953597823327e-5,0.004068945587068456,0.0036325144147348826,879,"tags=32%, list=10%, signal=29%",Romo1/Serping1/Trf/Pla2g6/Lgals4/Evpl/Tfeb/Igha/Hmgn2/Jchain/Cfb/C3/Cfp/H2-DMa/Il1b/Ighg2c/Ptprc/Ptpn6/Ighm/Gimap3/Ighg2b/Cd37
GO:0002699,positive regulation of immune effector process,142,-0.4711067686280662,-1.8206087086196545,4.9764995475782284e-5,0.004068945587068456,0.0036325144147348826,488,"tags=18%, list=6%, signal=17%",Sema7a/Tlr3/Cd74/Inava/H2-DMb1/C3/Cfp/Stxbp1/H2-Q6/Cd1d2/Irf5/H2-Q1/Mzb1/Il1b/Vav1/Itgb2/Laptm5/Dennd1b/H2-Ea/Ptprc/Ptpn6/H2-DMb2/Gimap3/Ighg2b/Cd37
GO:0048589,developmental growth,444,0.3863746147521614,1.5882419232689504,5.031850162321161e-5,0.004068945587068456,0.0036325144147348826,1394,"tags=26%, list=16%, signal=23%",Actn3/Ttn/Thbs1/Stat5a/Fn1/Smad3/Slc12a2/Socs2/Apod/Anxa1/Kpna1/Rasal1/Lats1/Gas1/Nr3c1/Map2k4/Pak1/Stc2/Jarid2/Ghr/Vcl/Tfap2c/Akap13/Ctnnb1/Rai1/Zfx/Ttc3/Adrb3/P2rx5/Slc25a4/Klf5/Impact/Abl2/Wwc2/Zmiz1/Rtn4/Apoe/Cdh1/Tnks2/Col27a1/Plxna1/Tmtc3/Cited2/Sin3a/Foxc1/Ptk7/Cadm1/Auts2/Tgfbr1/Insr/Nin/Gpam/Smo/Cd9/Ifrd1/Tgfbr3/Tnfrsf12a/Plau/Atp1a3/Clasp2/Col3a1/Srf/Lgmn/Sgpl1/Epb41l5/Lats2/App/Apc/Slc9a6/Gata3/Mgll/Pcnt/Tenm4/Pdlim5/Ddr1/Arid2/Sema6d/Bcl9/Lrp6/Rbpj/Sema3f/Atrn/Ptgfrn/Pum2/Hnrnpk/Tgfbr2/Comt/Crabp2/Postn/Mex3c/Tgfb2/Fzd7/Prkcz/Sh3pxd2b/Cttn/Sptbn2/Dll1/Pafah1b1/Gsk3b/Nedd4l/Col6a1/Map2/Stat3/Selenom/Ptpn11/Lrp1/Atrx/Myo5b/Eif4g2/Wwtr1/Plaa/Pkm/Ptger4/Rarg/Ercc6/Foxp1
GO:0051249,regulation of lymphocyte activation,256,-0.40762490447373956,-1.6996233469541717,6.261163050238266e-5,0.0048991034817684005,0.004373630375731579,469,"tags=13%, list=6%, signal=13%",Il15ra/Rhbdd3/Dhps/Cd74/Sox13/Csk/Irs2/H2-DMb1/Ccdc88b/Cd1d2/Cdkn1a/H2-DMa/Zc3h12d/Inpp5d/Nckap1l/Mzb1/Il1b/Vav1/Carmil2/Laptm5/H2-Ea/Itgal/Ptprc/Ptpn6/Coro1a/Rasal3/H2-DMb2/Il2rg/Ighm/Gimap3/Rac2/Cd37/Cd22/Cd19
GO:0048738,cardiac muscle tissue development,145,0.49637366182375736,1.8230317026760279,7.161382300933407e-5,0.005513109310057282,0.004921778532118579,1179,"tags=25%, list=14%, signal=22%",Neb/Ttn/Xirp2/Nrap/Tpm1/Speg/Jph2/Id2/Nr3c1/Map2k4/Pak1/Jarid2/Akap13/Ctnnb1/Slc25a4/Dsp/Cited2/Foxc1/Tgfbr1/Tgfbr3/Met/Irx3/Srf/Apc/Tenm4/Pdlim5/Arid2/Lrp6/Rbpj/Tgfbr2/Asb2/Tgfb2/Fzd7/Fhod3/Dll1/Gsk3b
GO:0001503,ossification,208,0.44629925513530444,1.704891741047801,7.729457676010923e-5,0.005855984363111132,0.005227877138261022,1388,"tags=27%, list=16%, signal=23%",Spp1/Actn3/Ryr1/Cyp24a1/Il6st/Smad3/Ltf/Ctsk/Id2/Ctnnb1/Traf6/Mmp2/Alpl/Smad5/Nab2/Runx1/Bpnt2/Col5a2/Foxc1/Acvr2a/Col1a2/Fbxl15/Bglap3/Rsad2/Smo/Pdlim7/Twsg1/Tgfbr3/Col1a1/Mmp14/Hif1a/Cbs/Igfbp2/Apc/Fndc3b/Mesd/Crim1/Limd1/Lrp6/Rbpj/Slc26a2/Ano6/Sh3pxd2b/Atp2b1/Asxl2/Rest/Gsk3b/Egr2/Col6a1/Ptpn11/Nf1/Pbx1/Suco/Wwtr1/Ptger4/Dhx36
GO:0033002,muscle cell proliferation,153,0.4926293669228041,1.8218670904539747,8.176094476576369e-5,0.00609757795885922,0.005443557638352162,1596,"tags=35%, list=19%, signal=29%",Cav2/Tgfb3/Thbs1/Ndrg2/Apod/Kpna1/Tpm1/Id2/Pak1/Jarid2/Ctnnb1/Npr1/Traf6/Mmp2/Apoe/Tgm2/Adipoq/Cav1/Pik3r1/Cited2/Zfp143/Foxc1/Retn/Myd88/Tgfbr1/Gna13/Tgfbr3/Hif1a/Apc/Egfr/Tenm4/Hmox1/Ace2/Arid2/Rbpj/Spon2/Tgfbr2/Comt/Tgfb2/Cnn1/Gsk3b/Flt1/Stat3/Gnai3/Nf1/Tlr4/Klf4/Trib1/Foxp1/Shc1/Rbp4/Adamts1/Ddit3/Notch1
GO:0002366,leukocyte activation involved in immune response,153,-0.45700638290932916,-1.7698730227697301,8.928215361348448e-5,0.0065560572184178685,0.005852860855504214,753,"tags=20%, list=9%, signal=18%",Abr/Rora/Jak3/Ifi35/Slfn2/Nfkbiz/Nmi/Cd74/St3gal1/Lfng/D6Wsu163e/Il6ra/Myo1f/H2-DMb1/Stxbp1/Gadd45g/Nckap1l/Irf8/Phf14/Itgb2/Dock10/H2-Ea/Dock2/Itgal/Ptprc/Ptpn6/Coro1a/H2-DMb2/Rac2/Cd19
GO:0071559,response to transforming growth factor beta,172,0.4727403471013648,1.7610907296605602,9.1975431043747e-5,0.00665149594502734,0.005938062916508578,1557,"tags=34%, list=18%, signal=29%",Ryr1/Cav2/Tgfb3/Lrg1/Rasl11b/Thbs1/Zfp703/Smad3/Ctsk/Lats1/Fbn1/Nr3c1/Hyal2/Hspa5/Pdpk1/Zmiz1/Cav1/Smad5/Runx1/Crk/Cited2/Skil/Sin3a/Col1a2/Tgfbr1/Twsg1/Tgfbr3/Col1a1/Col3a1/Htra3/Gipc1/Htra1/Epb41l5/Lats2/Map3k1/Sdcbp/Cdh3/Tgfbr2/Postn/Apaf1/Glg1/Tgfb2/Zfhx3/Zyx/Stat3/Lrp1/Acta2/Appl1/Lemd3/Smurf2/Snx6/Yes1/Zeb1/Pak2/Itga3/Ing2/Arap1/Hipk2/Zfyve9
GO:0043501,skeletal muscle adaptation,12,0.8625158089016016,1.9895594320301269,9.89337385447466e-5,0.00704792140409068,0.0062919681638512834,24,"tags=25%, list=0%, signal=25%",Acta1/Actn3/Cmya5
GO:0071560,cellular response to transforming growth factor beta stimulus,168,0.47403539906570064,1.7633776071902527,1.0140875023752306e-4,0.0071179994835837875,0.006354529736246027,1557,"tags=35%, list=18%, signal=29%",Ryr1/Cav2/Tgfb3/Lrg1/Rasl11b/Thbs1/Zfp703/Smad3/Ctsk/Lats1/Fbn1/Nr3c1/Hyal2/Hspa5/Pdpk1/Zmiz1/Cav1/Smad5/Runx1/Crk/Cited2/Skil/Sin3a/Col1a2/Tgfbr1/Twsg1/Tgfbr3/Col1a1/Col3a1/Htra3/Gipc1/Htra1/Epb41l5/Lats2/Map3k1/Sdcbp/Cdh3/Tgfbr2/Postn/Apaf1/Glg1/Tgfb2/Zyx/Stat3/Lrp1/Acta2/Appl1/Lemd3/Smurf2/Snx6/Yes1/Zeb1/Pak2/Itga3/Ing2/Arap1/Hipk2/Zfyve9
GO:0090257,regulation of muscle system process,133,0.5000204318196921,1.8111604549952316,1.0325744687112831e-4,0.007142721650955006,0.006376600227831081,779,"tags=20%, list=9%, signal=18%",Actn3/Casq1/Ryr1/Ttn/Tnnc2/Tnnt3/Cmya5/Atp2a1/Gsn/Kcnj2/Smad3/Mtmr4/Nr3c1/Pak1/Kbtbd13/Jarid2/Atp1a2/Slc25a4/Dsp/Cav1/Dmpk/Smtn/Ece1/Srf/Tnfrsf1a/Dock4
GO:0050851,antigen receptor-mediated signaling pathway,94,-0.5305303432015257,-1.9337013522648274,1.1336252025628157e-4,0.007659717153571191,0.006838143292347565,511,"tags=16%, list=6%, signal=15%",Nfkbiz/Prkd2/Slc39a6/Cacnb3/Cmtm3/Nckap1l/Carmil2/Laptm5/Dennd1b/Ptprc/Ptpn6/Ighm/Cd79a/Cd22/Cd19
GO:0002263,cell activation involved in immune response,156,-0.45507272074870114,-1.7669498436269897,1.1394090046167076e-4,0.007659717153571191,0.006838143292347565,753,"tags=20%, list=9%, signal=18%",Abr/Rora/Jak3/Ifi35/Slfn2/Nfkbiz/Nmi/Cd74/St3gal1/Lfng/D6Wsu163e/Il6ra/Gbf1/Myo1f/H2-DMb1/Stxbp1/Gadd45g/Nckap1l/Irf8/Phf14/Itgb2/Dock10/H2-Ea/Dock2/Itgal/Ptprc/Ptpn6/Coro1a/H2-DMb2/Rac2/Cd19
GO:0050879,multicellular organismal movement,33,0.7156660220453354,2.051848984942273,1.3267049636332467e-4,0.008794948321418732,0.007851610661969858,503,"tags=30%, list=6%, signal=29%",Actn3/Casq1/Tnnc2/Tnnt3/Tnni2/Atp2a1/Kcnj2/Kbtbd13/Synm/Dmpk
GO:0033273,response to vitamin,52,0.6321595392393515,1.9899957834456512,1.3466550410798066e-4,0.008804910289142352,0.0078605041186605,954,"tags=27%, list=11%, signal=24%",Spp1/Cyp24a1/Abca1/Gas6/Stc2/Alad/Alpl/Bglap3/Col1a1/Cbs/Egfr/Rela/Lrp6/Postn
GO:0050881,musculoskeletal movement,31,0.7287601138137783,2.0623188571213578,1.475875506784706e-4,0.009519397018761352,0.008498355691983626,503,"tags=32%, list=6%, signal=30%",Actn3/Casq1/Tnnc2/Tnnt3/Tnni2/Atp2a1/Kcnj2/Kbtbd13/Synm/Dmpk
GO:0050905,neuromuscular process,87,0.5561019407718577,1.906133923364483,1.8313752424806273e-4,0.011654872043146712,0.01040478172850748,941,"tags=24%, list=11%, signal=22%",Actn3/Casq1/Tnnc2/Tnnt3/Tnni2/Atp2a1/Agtpbp1/Kcnj2/Kbtbd13/Abl2/Gch1/Synm/Myo5a/Dmpk/Washc4/Bace1/Atp1a3/App/Itpr1/Aplp2/Comt
GO:0002920,regulation of humoral immune response,17,-0.8122704818609663,-2.0968797821647773,1.8860973167112403e-4,0.011691353886575,0.010437350564657692,261,"tags=53%, list=3%, signal=51%",Serping1/Evpl/C3/H2-DMa/Il1b/Ptprc/Ptpn6/Gimap3/Cd37
GO:0035051,cardiocyte differentiation,104,0.5361390650155052,1.8954606135279095,1.8727569809013026e-4,0.011691353886575,0.010437350564657692,1179,"tags=29%, list=14%, signal=25%",Neb/Ttn/Nrap/Speg/Nr3c1/Map2k4/Pak1/Akap13/Ctnnb1/Pbrm1/Slc25a4/Cited2/Tgfbr3/Met/Vcam1/Irx3/Srf/Egfr/Tenm4/Pdlim5/Rbpj/Sox17/Asb2/Tgfb2/Fzd7/Fhod3/Sox18/Dll1/Rest/Gsk3b
GO:0055006,cardiac cell development,65,0.5844668191657619,1.9114288619512942,2.194428013028078e-4,0.013428211418183355,0.0119879144355434,1179,"tags=26%, list=14%, signal=23%",Neb/Ttn/Nrap/Speg/Nr3c1/Map2k4/Pak1/Akap13/Pbrm1/Slc25a4/Tgfbr3/Met/Srf/Pdlim5/Asb2/Fhod3/Gsk3b
GO:1901605,alpha-amino acid metabolic process,130,-0.4602669390631788,-1.7560334068837637,2.2279403432233012e-4,0.013460707921778248,0.012016925395560192,1276,"tags=32%, list=15%, signal=28%",Kyat1/Gcdh/Ass1/Pfas/Shmt1/Pycr2/Fpgs/Apip/Ivd/Slc7a7/Bckdk/Aass/Nos3/Shmt2/Mthfsl/Ddo/Auh/Adi1/P4hb/Ilvbl/Mpst/Pcbd2/Dglucy/Cln3/Prdx4/Glul/Hoga1/Gnmt/Fah/Srr/Aspg/Mri1/Sardh/Aasdhppt/Mthfr/Got1/Pycr1/Odc1/Gldc/P4ha2/Ahcy/Atp2b4
GO:1901607,alpha-amino acid biosynthetic process,42,-0.6213193017518744,-1.9593260574130602,2.680784696211648e-4,0.015994231693772745,0.014278705855611515,1189,"tags=43%, list=14%, signal=37%",Ass1/Shmt1/Pycr2/Apip/Aass/Shmt2/Adi1/Ilvbl/Pcbd2/Cln3/Glul/Srr/Mri1/Aasdhppt/Mthfr/Got1/Pycr1/Atp2b4
GO:0002694,regulation of leukocyte activation,289,-0.37123502346988957,-1.5855816861280303,2.739950634226407e-4,0.0161454128113119,0.01441367143255165,469,"tags=12%, list=6%, signal=12%",Il15ra/Rhbdd3/Dhps/Cd74/Sox13/Csk/Irs2/H2-DMb1/Ccdc88b/Cd1d2/Cdkn1a/H2-DMa/Slc7a2/Zc3h12d/Inpp5d/Nckap1l/Mzb1/Il1b/Vav1/Carmil2/Laptm5/H2-Ea/Il16/Itgal/Ptprc/Ptpn6/Coro1a/Rasal3/H2-DMb2/Il2rg/Ighm/Gimap3/Rac2/Cd37/Cd22/Cd19
GO:0034329,cell junction assembly,260,0.42014011417257785,1.6508772847834052,2.854218004131049e-4,0.01661363723624085,0.014831674558051972,1303,"tags=27%, list=15%, signal=24%",Actn3/Cldn4/Cdh19/Thbs2/Clasp1/Wdpcp/Fn1/Mpdz/Zfp703/Smad3/Apod/Lats1/Col16a1/Pkp3/Srgap3/Vcl/Ctnnb1/Hipk1/Il1rap/Pdpk1/Rtn4/Cdh1/Ocel1/Cav1/Pik3r1/Sorbs1/Plxna1/Lama3/Crk/Chd4/Cadm1/Col17a1/Cd9/Gna13/Tlr2/Cldn7/Clasp2/Mmp14/Gjb2/Irx3/Dock7/Srf/Rhoc/Epb41l5/App/Dock4/Sdcbp/Ace2/Pdlim5/Ocln/Slk/Cdh3/Pum2/Itgav/Myo6/Coro1c/Nfasc/Farp1/Cttn/Sptbn2/Gsk3b/Nedd4l/Ube3b/Slc39a9/Ptpn11/Lrp1/Lsr/Rap1b/Pkn2/Itga5
GO:0007159,leukocyte cell-cell adhesion,202,-0.41035869513547957,-1.6524400498285627,2.9022732935014714e-4,0.016689819795039185,0.014899685849199693,277,"tags=15%, list=3%, signal=15%",Dhps/Cd74/Sox13/H2-DMb1/Tnip1/St3gal4/Ccdc88b/Cd1d2/H2-DMa/Zc3h12d/Nckap1l/Il1b/Vav1/Itgb2/Ets1/Carmil2/Laptm5/Selplg/H2-Ea/Fermt3/Itgal/Ptprc/Ptpn6/Coro1a/Itgb7/Rasal3/H2-DMb2/Il2rg/Gimap3/Rac2/Cd37
GO:0071407,cellular response to organic cyclic compound,299,0.39543432581403337,1.5801570133601683,3.0810428075665893e-4,0.01750692538156587,0.01562914947998691,1279,"tags=20%, list=15%, signal=18%",Spp1/Blm/Ryr1/Cyp24a1/Cav2/Abca1/Stat5a/Ncoa2/Zfp703/Anxa1/Gnai1/Clock/Lats1/Nr3c1/Pak1/Abcc9/Akap13/Ctnnb1/Atp1a2/Pck1/Klf5/Zmiz1/Mmp2/Alpl/Cdh1/Tgm2/Adipoq/Cav1/Ifih1/Smad5/Lcor/Sin3a/Rnf4/Smo/Insig2/Col1a1/Gjb2/Ubr5/App/Tiparp/Egfr/Akt2/Itpr1/Ces1d/Lrp6/Hnrnpk/Comt/Cry2/Crebrf/Prmt5/Nedd4/Rest/Rbfox2/Gsk3b/Stat3/Gnai3/Slc39a9/Taf7/Pde12/Klf4/Rap1b
GO:0030098,lymphocyte differentiation,241,-0.38026513491163816,-1.579693316939285,3.2648662780678173e-4,0.018333184406138462,0.016366784759899104,469,"tags=14%, list=6%, signal=14%",Il15ra/Zbtb7a/Cd74/Il11ra1/St3gal1/Nfatc1/Sox13/Lfng/Il6ra/Prex1/Igkc/Ikzf1/H2-DMa/Cmtm7/Gadd45g/Inpp5d/Nckap1l/Irf8/Phf14/Il1b/Vav1/Dock10/Carmil2/Laptm5/Igtp/H2-Ea/Dock2/Ptprc/Ptpn6/Il2rg/Ighm/Gimap3/Cd79a/Cd19
GO:0033280,response to vitamin D,19,0.7817536752047436,2.0077692724804943,3.327826699309508e-4,0.01846943818116777,0.016488424086664486,403,"tags=21%, list=5%, signal=20%",Spp1/Cyp24a1/Stc2/Alpl
GO:0071604,transforming growth factor beta production,18,0.7820511956077444,1.9598254212643493,3.588934836909072e-4,0.019507191372608652,0.0174148688734482,983,"tags=56%, list=12%, signal=49%",Thbs1/Fn1/Smad3/Lum/Laptm4b/Met/Hif1a/Col3a1/Itgav/Tgfb2
GO:0048729,tissue morphogenesis,350,0.38030204813764346,1.5417292938449423,3.637418881546554e-4,0.019507191372608652,0.0174148688734482,1710,"tags=31%, list=20%, signal=26%",Acta1/Ttn/Xirp2/Lrg1/Stat5a/Clasp1/Wdpcp/Smad3/Slc12a2/Tpm1/Atp7a/Nr3c1/Pak1/Ctsl/Vcl/Tfap2c/Ctnnb1/Mdm4/Fem1b/Abl2/Dsp/Traf6/Mmp2/Cdh1/Tgm2/Txnrd1/Runx1/Plxna1/Tmtc3/Cited2/Nphp3/Foxc1/Ptk7/Tgfbr1/Smo/Btbd7/Tgif1/Gna13/Twsg1/Tgfbr3/Met/Fzd6/Plet1/Phactr4/Ipmk/Clasp2/Mmp14/Hif1a/Col3a1/Jag2/Irx3/Pdcd10/Srf/Rhoc/Epb41l5/Lcn2/Tead2/Map3k1/Egfr/Gata3/Ddr1/Lrp6/Rbpj/Actg2/Tgfbr2/Sox17/Apaf1/Itgav/Asb2/Krt17/Ceacam1/Tgfb2/Irx1/Syne4/Exoc5/Chuk/Ctnnd1/Dll1/Pafah1b1/Sufu/Flt1/Acta2/Klf4/Pbx1/Itga5/Gzf1/Mmp12/Prkx/Rarg/Foxp1/Prkacb/Car2/Ppp3r1/Itgb1/Itga3/Nckap1/Pkd2/Shank3/Actb/Notch1/Psen1/Hs2st1/Bcl10/Gatad2a/Mylk/Spry2/Zfpm1/Col5a1/Kras
GO:2000147,positive regulation of cell motility,350,0.3802706393120157,1.5416019637219711,3.637418881546554e-4,0.019507191372608652,0.0174148688734482,1499,"tags=33%, list=18%, signal=28%",Cldn4/Thbs1/Il6st/Stat5a/Clasp1/Fn1/Zfp703/Smad3/Anxa1/Mmp3/Pik3c2a/Gas6/Atp7a/Rin2/Pak1/Pik3cb/Plk2/Zfp609/Lamc2/Cpne3/Hspa5/Pdpk1/Abl2/Rtn4/Mmp2/S100a11/Bcl6/Cxcl14/Cav1/Cxcl16/Pik3r1/Lgals3/Crk/Oxsr1/Sun2/Myo5a/Mcu/Retn/Rhoj/Tgfbr1/Insr/Smo/Lyn/F3/Tgfbr3/Met/Tlr2/Plet1/Plau/Synpo2/Arhgap5/Col1a1/Cldn7/Clasp2/Mmp14/Hif1a/Dock7/Pdcd10/Col18a1/Lgmn/Lbp/Rab11a/Rhoc/Epb41l5/Lcn2/App/Apc/Egfr/Dock4/Gata3/Sdcbp/Akt2/Hmox1/Cavin1/Itga6/Epcam/Sema6d/Rarres2/Amotl1/Sema3f/Tgfbr2/Postn/Itgav/Tgfb2/Dnm1l/Adam10/Ano6/Aoc3/Myadm/Trip6/Cep43/Mospd2/Gab2/Elp5/Flt1/Stat3/Lrp1/Nedd9/Acta2/Tlr4/Cd47/Cfap20/Itga5/Smurf2/Ackr3/Plaa/Mcam/Ptger4/Foxp1/Actn4/Itgb1/Itga3/Ccdc25/Spag9/Shtn1
GO:0002768,immune response-regulating cell surface receptor signaling pathway,154,-0.4401437884419507,-1.7083393333429213,3.743877931668144e-4,0.019855032630946724,0.017725401014494324,936,"tags=18%, list=11%, signal=16%",Lime1/Themis2/Cyba/Tmem126a/Naglu/Ecsit/Ifi35/Nr1d1/Nfkbiz/Nmi/Prkd2/Slc39a6/Cacnb3/Csk/C3/Cmtm3/Nckap1l/Vav1/Carmil2/Laptm5/Dennd1b/Ptprc/Ptpn6/Myo1g/Ighm/Cd79a/Cd22/Cd19
GO:0010810,regulation of cell-substrate adhesion,138,0.4684480164325395,1.707255070653105,4.033744888686926e-4,0.020927243862720324,0.01868260790549734,1483,"tags=31%, list=17%, signal=26%",Spp1/Thbs1/Clasp1/Wdpcp/Fn1/Smad3/Apod/Lgals1/Ccdc80/Col16a1/Rin2/Pik3cb/Vcl/Atxn3/Bcl6/Pik3r1/Crk/Plet1/Plau/Col1a1/Clasp2/Mmp14/Fbln2/Epb41l5/Ddr1/Itga6/Slk/Postn/Fzd7/Coro1c/Prkcz/Myadm/Gsk3b/Ptpn11/Lrp1/Nedd9/Nf1/Itga5/Mmp12/Actn4/Itgb1/Itga3/Jup
GO:0001501,skeletal system development,256,0.4153894551798206,1.6303995666773148,3.998279747694173e-4,0.020927243862720324,0.01868260790549734,991,"tags=25%, list=12%, signal=23%",Actn3/Ryr1/Tgfb3/Thbs1/Trps1/Smad3/Ltf/Atp7a/Ctsk/Scin/Gas1/Fbn1/Hyal2/Akap13/Ctnnb1/Rai1/Bbx/Mdfi/Mmp2/Alpl/Tgm2/Miga2/Smad5/Col27a1/Nab2/Runx1/Lgals3/Bpnt2/Col5a2/Zfand5/Cited2/Foxc1/Acvr2a/Cadm1/Sulf2/Col1a2/Trip11/Tgfbr1/Bglap3/Twsg1/Pls3/Spns2/Insig2/Col1a1/Mmp14/Hif1a/Col3a1/Jag2/Srf/Col18a1/Sgpl1/Cbs/Mbtd1/Tiparp/Gata3/Rela/Nsd2/Rb1/Lrp6/Pum2/Tgfbr2/Mex3c/Glg1/Tgfb2/Slc26a2
GO:0007044,cell-substrate junction assembly,73,0.5596597802403205,1.863164977359028,4.157437236210545e-4,0.021337040783261214,0.019048450404278765,1353,"tags=32%, list=16%, signal=27%",Actn3/Clasp1/Wdpcp/Fn1/Smad3/Apod/Col16a1/Vcl/Pdpk1/Sorbs1/Lama3/Col17a1/Clasp2/Mmp14/Epb41l5/Slk/Itgav/Coro1c/Cttn/Ptpn11/Lrp1/Itga5/Pip5k1a
GO:0002637,regulation of immunoglobulin production,41,-0.6487494223973848,-2.023850475639952,4.2487833905137666e-4,0.021573875662683203,0.019259882603359157,140,"tags=12%, list=2%, signal=12%",Mzb1/Ptprc/Ighm/Cd37/Cd22
GO:0050854,regulation of antigen receptor-mediated signaling pathway,42,-0.6109236246132256,-1.9265433625172526,4.4505785891525696e-4,0.02212772042294293,0.01975432250974737,225,"tags=14%, list=3%, signal=14%",Cmtm3/Laptm5/Ptprc/Ptpn6/Cd22/Cd19
GO:0008015,blood circulation,221,0.4212669428391597,1.6240286754367523,4.4289845311201536e-4,0.02212772042294293,0.01975432250974737,1191,"tags=29%, list=14%, signal=26%",Ttn/Myl1/Tnni2/Atp2a1/Gsn/Ephx2/Kcnj2/Smad3/Tpm1/Gas6/Id2/Nr3c1/C2cd4b/Per2/Abcc9/Atp1a2/Npr1/Adrb3/Mdm4/Dsp/Gch1/Mmp2/Apoe/Adipoq/Cav1/Smad5/Pik3r1/Dmpk/Foxc1/Ier3/Arhgef12/Col1a2/Smtn/Wdr35/Gna13/Ece1/Tgfbr3/Met/Atp1a3/Hif1a/Irx3/Cbs/App/Egfr/Dock4/Mgll/Hmox1/Ace2/Rarres2/Ocln/Comt/Postn/Ptprm/Ceacam1/Tgfb2/Dnm1l/Calm2/Ptger2/Aoc3/Atp2b1/Svep1/Dll1/Tmem161b/Rbfox2/Nedd4l
GO:0050865,regulation of cell activation,313,-0.35707124725150585,-1.5281651465145933,4.5041731424069054e-4,0.022163317947121813,0.019786101877876456,469,"tags=12%, list=6%, signal=12%",Il15ra/Rhbdd3/Dhps/Cd74/Sox13/Csk/Il6ra/Irs2/H2-DMb1/Ccdc88b/Cd1d2/Cdkn1a/H2-DMa/Slc7a2/Zc3h12d/Inpp5d/Nckap1l/Mzb1/Il1b/Vav1/Carmil2/Laptm5/H2-Ea/Il16/Itgal/Ptprc/Ptpn6/Coro1a/Rasal3/H2-DMb2/Il2rg/Ighm/Gimap3/Rac2/Cd37/Cd22/Cd19
GO:0014874,response to stimulus involved in regulation of muscle adaptation,10,0.8548121650775268,1.9215540573605883,4.7550876706345196e-4,0.023159217808100575,0.020675182481985535,162,"tags=30%, list=2%, signal=29%",Actn3/Casq1/Mtmr4
GO:0170033,L-amino acid metabolic process,110,-0.4716760939209111,-1.7506981525664773,4.887789080278389e-4,0.023565067959766418,0.021037501538508155,1276,"tags=35%, list=15%, signal=30%",Kyat1/Gcdh/Ass1/Pfas/Shmt1/Pycr2/Fpgs/Apip/Ivd/Bckdk/Aass/Nos3/Shmt2/Mthfsl/Ddo/Auh/Adi1/P4hb/Ilvbl/Mpst/Pcbd2/Dglucy/Cln3/Prdx4/Glul/Gnmt/Fah/Srr/Aspg/Mri1/Aasdhppt/Mthfr/Got1/Pycr1/Gldc/P4ha2/Ahcy/Atp2b4
GO:0006937,regulation of muscle contraction,66,0.590567018845431,1.926098981545628,4.975465585065427e-4,0.023747897237517284,0.02120072072457353,1202,"tags=32%, list=14%, signal=28%",Actn3/Casq1/Ryr1/Tnnc2/Tnnt3/Atp2a1/Kcnj2/Kbtbd13/Atp1a2/Dsp/Cav1/Dmpk/Smtn/Srf/Dock4/Ace2/Calm2/Atp2b1/Cttn/Cald1/Flt1
GO:0007179,transforming growth factor beta receptor signaling pathway,138,0.46538595110239744,1.6960953979078388,5.089276756455574e-4,0.024050611840160843,0.021470966451414445,1557,"tags=33%, list=18%, signal=27%",Ryr1/Cav2/Tgfb3/Lrg1/Rasl11b/Thbs1/Zfp703/Smad3/Lats1/Fbn1/Hspa5/Pdpk1/Zmiz1/Smad5/Cited2/Skil/Sin3a/Col1a2/Tgfbr1/Twsg1/Tgfbr3/Col3a1/Htra3/Gipc1/Htra1/Lats2/Map3k1/Sdcbp/Cdh3/Tgfbr2/Glg1/Tgfb2/Zyx/Stat3/Lrp1/Appl1/Lemd3/Smurf2/Snx6/Zeb1/Itga3/Ing2/Arap1/Hipk2/Zfyve9
GO:0150115,cell-substrate junction organization,79,0.5382403732914116,1.804132570699188,5.544577561100296e-4,0.025945361469736975,0.023162487066392155,1353,"tags=30%, list=16%, signal=26%",Actn3/Clasp1/Wdpcp/Fn1/Smad3/Apod/Col16a1/Vcl/Pdpk1/Pik3r1/Sorbs1/Lama3/Col17a1/Clasp2/Mmp14/Epb41l5/Slk/Itgav/Coro1c/Cttn/Ptpn11/Lrp1/Itga5/Pip5k1a
GO:0002429,immune response-activating cell surface receptor signaling pathway,149,-0.4402712368298129,-1.7050379929770454,5.776456458121362e-4,0.026670906193807072,0.023810210564365573,936,"tags=18%, list=11%, signal=16%",Lime1/Themis2/Cyba/Tmem126a/Naglu/Ecsit/Ifi35/Nr1d1/Nfkbiz/Nmi/Prkd2/Slc39a6/Cacnb3/Csk/C3/Cmtm3/Nckap1l/Carmil2/Laptm5/Dennd1b/Ptprc/Ptpn6/Myo1g/Ighm/Cd79a/Cd22/Cd19
GO:0042110,T cell activation,296,-0.3545920058984636,-1.5150089166856575,5.811385384780926e-4,0.026670906193807072,0.023810210564365573,426,"tags=12%, list=5%, signal=12%",Dhps/Cd74/Sox13/Lfng/Gja1/Csk/Il6ra/Prex1/H2-DMb1/Ikzf1/Ccdc88b/Cd1d2/H2-DMa/Zc3h12d/Gadd45g/Nckap1l/Il1b/Vav1/Itgb2/Carmil2/Laptm5/Igtp/H2-Ea/Dock2/Itgal/Ptprc/Ptpn6/Coro1a/Rasal3/H2-DMb2/Il2rg/Wdfy4/Gimap3/Rac2/Cd37
GO:1903844,regulation of cellular response to transforming growth factor beta stimulus,95,0.5145095746563879,1.8044818646347769,6.064619491878689e-4,0.02756802746165427,0.024611107471804443,963,"tags=25%, list=11%, signal=23%",Ryr1/Cav2/Tgfb3/Lrg1/Rasl11b/Thbs1/Zfp703/Smad3/Lats1/Fbn1/Hspa5/Pdpk1/Cited2/Skil/Sin3a/Twsg1/Tgfbr3/Htra3/Gipc1/Htra1/Lats2/Sdcbp/Cdh3/Glg1
GO:0002335,mature B cell differentiation,25,-0.721681320022519,-2.06142047753228,6.637632995799214e-4,0.029040086623092355,0.02592527498986136,594,"tags=40%, list=7%, signal=37%",Nfkbiz/St3gal1/Nfatc1/Lfng/Cmtm7/Irf8/Phf14/Dock10/Il2rg/Cd19
GO:0030198,extracellular matrix organization,159,0.4478939959750535,1.6610251655387358,6.692666097926166e-4,0.029040086623092355,0.02592527498986136,1074,"tags=31%, list=13%, signal=28%",Cav2/Papln/Clasp1/Fn1/Smad3/Col4a6/Mmp3/Gas6/Atp7a/Loxl1/Ccdc80/Col4a5/Col16a1/Aebp1/Matn2/Adamts2/Lamb3/Abl2/Mmp2/Cst3/Cav1/Col27a1/Lgals3/Col5a2/Nphp3/Foxc1/Sulf2/Col1a2/Tgfbr1/Col17a1/Tgfbr3/Col1a1/Clasp2/Mmp14/Col3a1/Myo1e/Col18a1/Tnfrsf1a/App/Col5a3/Dnajb6/Ddr1/Aplp2/Rb1/Dpt/Postn/Tgfb2/Pxdn/Lama2/Sh3pxd2b
GO:0043062,extracellular structure organization,159,0.4478939959750535,1.6610251655387358,6.692666097926166e-4,0.029040086623092355,0.02592527498986136,1074,"tags=31%, list=13%, signal=28%",Cav2/Papln/Clasp1/Fn1/Smad3/Col4a6/Mmp3/Gas6/Atp7a/Loxl1/Ccdc80/Col4a5/Col16a1/Aebp1/Matn2/Adamts2/Lamb3/Abl2/Mmp2/Cst3/Cav1/Col27a1/Lgals3/Col5a2/Nphp3/Foxc1/Sulf2/Col1a2/Tgfbr1/Col17a1/Tgfbr3/Col1a1/Clasp2/Mmp14/Col3a1/Myo1e/Col18a1/Tnfrsf1a/App/Col5a3/Dnajb6/Ddr1/Aplp2/Rb1/Dpt/Postn/Tgfb2/Pxdn/Lama2/Sh3pxd2b
GO:0045229,external encapsulating structure organization,159,0.4478939959750535,1.6610251655387358,6.692666097926166e-4,0.029040086623092355,0.02592527498986136,1074,"tags=31%, list=13%, signal=28%",Cav2/Papln/Clasp1/Fn1/Smad3/Col4a6/Mmp3/Gas6/Atp7a/Loxl1/Ccdc80/Col4a5/Col16a1/Aebp1/Matn2/Adamts2/Lamb3/Abl2/Mmp2/Cst3/Cav1/Col27a1/Lgals3/Col5a2/Nphp3/Foxc1/Sulf2/Col1a2/Tgfbr1/Col17a1/Tgfbr3/Col1a1/Clasp2/Mmp14/Col3a1/Myo1e/Col18a1/Tnfrsf1a/App/Col5a3/Dnajb6/Ddr1/Aplp2/Rb1/Dpt/Postn/Tgfb2/Pxdn/Lama2/Sh3pxd2b
GO:1903131,mononuclear cell differentiation,295,-0.3482548832063727,-1.4885725135650385,6.625130326289643e-4,0.029040086623092355,0.02592527498986136,469,"tags=13%, list=6%, signal=13%",Il15ra/Zbtb7a/Cd74/Il11ra1/St3gal1/Nfatc1/Sox13/Lfng/Mndal/Il6ra/Prex1/Fasn/Igkc/Ikzf1/Hcls1/H2-DMa/Nrros/Cmtm7/Gadd45g/Inpp5d/Nckap1l/Irf8/Epsti1/Phf14/Il1b/Vav1/Dock10/Carmil2/Laptm5/Igtp/H2-Ea/Dock2/Ptprc/Ptpn6/Il2rg/Ighm/Gimap3/Cd79a/Cd19
GO:0007169,cell surface receptor protein tyrosine kinase signaling pathway,344,0.3769571456306104,1.525092796620336,6.935526288578218e-4,0.029822763040886338,0.026624002291289358,1253,"tags=26%, list=15%, signal=23%",Cav2/Thbs1/Stat5a/Socs2/Apod/Col4a6/Zdhhc16/Tyro3/Col4a5/Pak1/Pik3cb/Ghr/Ctnnb1/Pik3r3/Igfbp6/Pdk4/Cpne3/Pdpk1/Socs5/Garem1/Abl2/Rtn4/Adipoq/Pik3r1/Sorbs1/Crk/Zfand5/Dcn/Foxc1/Osbpl8/Cadm1/Sulf2/Sorl1/Insr/Zfp106/Frk/Lyn/F3/Met/Dstyk/Atp1a3/Col1a1/Ephb4/Clasp2/Mmp14/Cd63/Hif1a/Myo1e/Lgmn/Sgpl1/Igfbp2/Apc/Tiparp/Slc9a6/Egfr/Gata3/Gkap1/Akt2/Fam83b/Rela/Nrtn/Ddr1/Rarres2/Rbpj/Rabgef1/Cdh3/Ncoa5/Ceacam1/Cadm4/Rbm4/Mvp/Ide/Prkcz/Slc2a4/Ppp2r5b/Rhoq/Nedd4/Svep1/Dll1/Gab2/Myof/Gsk3b/Col6a1/Flt1/Mapkapk2/Stat3/Ptpn11/Lrp1/Nedd9/Appl1
GO:0030888,regulation of B cell proliferation,32,-0.6779018907977261,-2.0467382965314203,7.304702284223299e-4,0.030854286727962657,0.02754488574432782,416,"tags=28%, list=5%, signal=27%",Cd74/Irs2/Cdkn1a/Inpp5d/Nckap1l/Mzb1/Ptprc/Ighm/Cd22
GO:0001952,regulation of cell-matrix adhesion,83,0.5304849175373573,1.795861706573937,7.25337370593584e-4,0.030854286727962657,0.02754488574432782,1350,"tags=31%, list=16%, signal=27%",Thbs1/Clasp1/Wdpcp/Smad3/Apod/Col16a1/Rin2/Pik3cb/Vcl/Bcl6/Pik3r1/Plet1/Plau/Clasp2/Mmp14/Epb41l5/Ddr1/Slk/Postn/Coro1c/Prkcz/Gsk3b/Ptpn11/Lrp1/Nf1/Mmp12
GO:0019058,viral life cycle,178,0.43082001126836084,1.6173448554162295,7.51843469819371e-4,0.031204772882155285,0.02785777909225459,1779,"tags=32%, list=21%, signal=26%",Cav2/Gsn/Pikfyve/Ltf/Srpk2/Gas6/Lgals1/Tyro3/Hyal2/Stom/Mid2/Apobec3/Apoe/Cav1/Ifih1/Ddx3x/Fmr1/Insr/Rsad2/Mre11a/Oas1a/Trim56/N4bp1/Usp6nl/Oasl2/Ctsb/Ythdc2/Ddx6/Ace2/Itgav/Ceacam1/Ifitm2/Plscr1/Ifitm3/Smc5/Jpt2/Nedd4/Ilf3/Xpr1/Pde12/Chmp2b/Pkn2/Eif2ak2/Rnasel/Trim25/Trim8/Tpcn1/Morc2a/Kpna2/Trim68/Notch1/Trim21/Eps15/Tarbp2/Trim12c/Tmprss2/Zc3hav1
GO:0007178,cell surface receptor protein serine/threonine kinase signaling pathway,198,0.4230225612627571,1.6123066259481866,7.473998826511308e-4,0.031204772882155285,0.02785777909225459,1596,"tags=31%, list=19%, signal=26%",Ryr1/Cav2/Tgfb3/Lrg1/Rasl11b/Thbs1/Trps1/Zfp703/Smad3/Mtmr4/Lats1/Fbn1/Hspa5/Pdpk1/Zmiz1/Cav1/Smad5/Cited2/Skil/Sin3a/Acvr2a/Myd88/Col1a2/Fbxl15/Tgfbr1/Sorl1/Tgif1/Twsg1/Tgfbr3/Col3a1/Htra3/Gipc1/Htra1/Lats2/Map3k1/Sdcbp/Crim1/Rbpj/Cdh3/Tgfbr2/Glg1/Tgfb2/Zyx/Glce/Stat3/Lrp1/Appl1/Sh2b1/Rbpms/Lemd3/Smurf2/Snx6/Wwtr1/Zeb1/Itga3/Ing2/Arap1/Hipk2/Zfyve9/Sptbn1/Notch1
GO:0042098,T cell proliferation,118,-0.45847209982655285,-1.7147225810742062,7.698980403756955e-4,0.03167864954063099,0.02828082819819252,608,"tags=19%, list=7%, signal=18%",Slfn2/Msn/H2-Aa/Dhps/Gja1/H2-DMb1/Ccdc88b/Cd1d2/Zc3h12d/Nckap1l/Il1b/Itgb2/Carmil2/Laptm5/Dock2/Itgal/Ptprc/Ptpn6/Coro1a/Rasal3/H2-DMb2/Rac2/Cd37
GO:0006706,steroid catabolic process,10,0.8404172602298949,1.8891953837883915,7.868973688358439e-4,0.032101377277380196,0.02865821456632925,405,"tags=40%, list=5%, signal=38%",Spp1/Cyp24a1/Cyp39a1/Apoe
GO:0017015,regulation of transforming growth factor beta receptor signaling pathway,94,0.5170080644063552,1.8052311229300015,8.218111689769368e-4,0.03324156533497389,0.02967610715449278,963,"tags=26%, list=11%, signal=23%",Ryr1/Cav2/Tgfb3/Lrg1/Rasl11b/Thbs1/Zfp703/Smad3/Lats1/Fbn1/Hspa5/Pdpk1/Cited2/Skil/Sin3a/Twsg1/Tgfbr3/Htra3/Gipc1/Htra1/Lats2/Sdcbp/Cdh3/Glg1
GO:0040017,positive regulation of locomotion,356,0.3714246263625409,1.5052823130736903,8.437273872769749e-4,0.03384126739052942,0.03021148574698978,1499,"tags=33%, list=18%, signal=28%",Cldn4/Thbs1/Il6st/Stat5a/Clasp1/Fn1/Zfp703/Smad3/Anxa1/Mmp3/Pik3c2a/Gas6/Atp7a/Rin2/Pak1/Pik3cb/Plk2/Zfp609/Lamc2/Cpne3/Hspa5/Pdpk1/Abl2/Rtn4/Mmp2/S100a11/Bcl6/Cxcl14/Cav1/Cxcl16/Pik3r1/Lgals3/Crk/Oxsr1/Sun2/Myo5a/Mcu/Retn/Rhoj/Tgfbr1/Insr/Smo/Lyn/F3/Tgfbr3/Met/Tlr2/Plet1/Plau/Synpo2/Arhgap5/Col1a1/Cldn7/Clasp2/Mmp14/Hif1a/Dock7/Pdcd10/Col18a1/Lgmn/Lbp/Rab11a/Rhoc/Epb41l5/Lcn2/App/Apc/Egfr/Dock4/Gata3/Sdcbp/Akt2/Hmox1/Cavin1/Itga6/Epcam/Sema6d/Rarres2/Amotl1/Sema3f/Tgfbr2/Postn/Itgav/Tgfb2/Dnm1l/Adam10/Ano6/Aoc3/Myadm/Trip6/Cttn/Cep43/Mospd2/Gab2/Elp5/Flt1/Stat3/Lrp1/Nedd9/Acta2/Tlr4/Cd47/Cfap20/Itga5/Smurf2/Ackr3/Plaa/Mcam/Ptger4/Foxp1/Actn4/Itgb1/Itga3/Ccdc25/Spag9/Shtn1
GO:0002703,regulation of leukocyte mediated immunity,123,-0.44251242905284005,-1.6776214365842952,8.680448663870308e-4,0.034480048580574275,0.030781751883768273,365,"tags=15%, list=4%, signal=14%",D6Wsu163e/Arrb2/C3/Stxbp1/H2-Q6/Cd1d2/H2-Q1/Nckap1l/Il1b/Vav1/Itgb2/Dennd1b/H2-Ea/Ptprc/Ptpn6/Gimap3/Rac2/Ighg2b
GO:0030335,positive regulation of cell migration,339,0.37432150481703685,1.5108015284292091,8.741013782211371e-4,0.034480048580574275,0.030781751883768273,1394,"tags=31%, list=16%, signal=27%",Cldn4/Thbs1/Il6st/Stat5a/Clasp1/Fn1/Zfp703/Smad3/Anxa1/Mmp3/Pik3c2a/Gas6/Atp7a/Rin2/Pak1/Pik3cb/Plk2/Zfp609/Lamc2/Cpne3/Hspa5/Pdpk1/Abl2/Rtn4/Mmp2/S100a11/Cxcl14/Cav1/Cxcl16/Pik3r1/Lgals3/Crk/Oxsr1/Sun2/Myo5a/Mcu/Retn/Rhoj/Tgfbr1/Insr/Smo/Lyn/F3/Tgfbr3/Met/Tlr2/Plet1/Plau/Synpo2/Arhgap5/Col1a1/Clasp2/Mmp14/Hif1a/Dock7/Pdcd10/Col18a1/Lgmn/Lbp/Rab11a/Rhoc/Epb41l5/Lcn2/App/Apc/Egfr/Dock4/Gata3/Sdcbp/Akt2/Hmox1/Itga6/Sema6d/Rarres2/Amotl1/Sema3f/Tgfbr2/Postn/Itgav/Tgfb2/Dnm1l/Adam10/Ano6/Aoc3/Myadm/Trip6/Cep43/Mospd2/Gab2/Elp5/Flt1/Stat3/Lrp1/Nedd9/Acta2/Tlr4/Cd47/Itga5/Smurf2/Ackr3/Plaa/Mcam/Ptger4/Foxp1
GO:0002708,positive regulation of lymphocyte mediated immunity,67,-0.5287293241887969,-1.8335712452730788,8.878415743318644e-4,0.03473498224824581,0.031009341612557268,261,"tags=16%, list=3%, signal=16%",C3/H2-Q6/Cd1d2/H2-Q1/Il1b/Vav1/Dennd1b/H2-Ea/Ptprc/Gimap3/Ighg2b
GO:0006958,"complement activation, classical pathway",18,-0.7432124375525662,-1.9539459353104487,9.373590635363238e-4,0.03637410414844613,0.03247265288142952,476,"tags=33%, list=6%, signal=32%",Serping1/Igha/C3/Ighg2c/Ighm/Ighg2b
GO:0090092,regulation of transmembrane receptor protein serine/threonine kinase signaling pathway,142,0.45191324098780405,1.655087644682048,9.90936710953665e-4,0.03814307194662777,0.034051882902720175,1757,"tags=36%, list=21%, signal=29%",Ryr1/Cav2/Tgfb3/Lrg1/Rasl11b/Thbs1/Zfp703/Smad3/Mtmr4/Lats1/Fbn1/Hspa5/Pdpk1/Cav1/Cited2/Skil/Sin3a/Acvr2a/Fbxl15/Tgfbr1/Sorl1/Twsg1/Tgfbr3/Htra3/Gipc1/Htra1/Lats2/Sdcbp/Crim1/Rbpj/Cdh3/Tgfbr2/Glg1/Tgfb2/Glce/Lrp1/Sh2b1/Lemd3/Smurf2/Snx6/Zeb1/Itga3/Ing2/Hipk2/Zfyve9/Notch1/Trim33/Spry2/Lgals9/Neo1/Pparg
GO:0018198,peptidyl-cysteine modification,23,-0.7139602929510154,-1.9901311023230535,0.0010074115733261116,0.038467003515884245,0.03434106988483453,2,"tags=13%, list=0%, signal=13%",Zdhhc12/Snta1/Atp2b4
GO:0008652,amino acid biosynthetic process,44,-0.5929879481133089,-1.8803774711040024,0.0010271226866004706,0.0389083855805083,0.03473510973566169,1189,"tags=43%, list=14%, signal=37%",Ass1/Shmt1/Pycr2/Apip/Aass/Shmt2/Slc1a3/Adi1/Ilvbl/Pcbd2/Cln3/Glul/Srr/Mri1/Aasdhppt/Mthfr/Got1/Pycr1/Atp2b4
GO:0002253,activation of immune response,310,-0.35414595903802315,-1.5133593491394381,0.0010596695722980855,0.039825219437628054,0.03555360487909366,936,"tags=16%, list=11%, signal=15%",Lime1/Themis2/Cyba/Tmem126a/Naglu/Zbp1/Pqbp1/Nlrx1/Serping1/Nod1/Ecsit/Lrrc14/Lrch4/Abhd17a/Ifi35/Ikbke/Nr1d1/Nfkbiz/Nmi/Prkd2/Lgr4/Slc39a6/Igha/Parp1/Tlr3/Inava/Cacnb3/Mndal/Csk/Cfb/Arrb2/Tnip1/C3/Cfp/Cmtm3/Nckap1l/Il1b/Carmil2/Laptm5/Igtp/Dennd1b/Ptprs/Ighg2c/Ptprc/Ptpn6/Myo1g/Ighm/Ighg2b/Cd79a/Cd22/Cd19
GO:0002706,regulation of lymphocyte mediated immunity,90,-0.48011218982693465,-1.7406435549074315,0.0011004567132567064,0.041034999159173906,0.03663362479657194,286,"tags=16%, list=3%, signal=15%",Arrb2/C3/H2-Q6/Cd1d2/H2-Q1/Nckap1l/Il1b/Vav1/Dennd1b/H2-Ea/Ptprc/Ptpn6/Gimap3/Ighg2b
GO:0032409,regulation of transporter activity,88,0.5048910450660697,1.7341565104633003,0.0011306220557886172,0.041833016064178837,0.037346047179374314,566,"tags=20%, list=7%, signal=19%",Casq1/Atp2a1/Ahnak/Ptpn3/Asph/Jph2/Atp7a/Wnk2/Abcc9/Atp1a2/Gsto1/Cttnbp2nl/Adipoq/Cav1/Ank3/Oxsr1/Myo5a/Fmr1
GO:0042129,regulation of T cell proliferation,90,-0.4793032694129007,-1.737710819319883,0.0011574746981482162,0.042300593049470675,0.03776347230898747,277,"tags=18%, list=3%, signal=17%",H2-DMb1/Ccdc88b/Cd1d2/Zc3h12d/Nckap1l/Il1b/Carmil2/Laptm5/Itgal/Ptprc/Ptpn6/Coro1a/Rasal3/H2-DMb2/Rac2/Cd37
GO:0071248,cellular response to metal ion,103,0.4906056004827408,1.7334099375137728,0.0011609842215547159,0.042300593049470675,0.03776347230898747,1103,"tags=25%, list=13%, signal=22%",Acta1/Ryr1/Gsn/Fn1/Slc12a2/Asph/Atp7a/Rasal1/Id2/Abcc9/Prnp/Cpne3/Alad/Cdh1/Ank3/Fabp4/Bace1/Lgmn/Egfr/B2m/Hmox1/Ireb2/Nek7/Chuk/Prkaa2/Mt1
GO:0048660,regulation of smooth muscle cell proliferation,108,0.4799093219660774,1.710338077736803,0.00118370106488093,0.042801554414217256,0.03821070104177037,1394,"tags=32%, list=16%, signal=27%",Tgfb3/Thbs1/Ndrg2/Apod/Tpm1/Id2/Pak1/Ctnnb1/Npr1/Traf6/Mmp2/Apoe/Tgm2/Adipoq/Cav1/Pik3r1/Zfp143/Retn/Myd88/Gna13/Hif1a/Egfr/Hmox1/Ace2/Tgfbr2/Comt/Cnn1/Gsk3b/Flt1/Gnai3/Nf1/Tlr4/Klf4/Trib1/Foxp1
GO:0050855,regulation of B cell receptor signaling pathway,10,-0.8366236423726457,-1.9036587791681596,0.0012257307816274713,0.043825144415609515,0.03912450176858587,225,"tags=40%, list=3%, signal=39%",Cmtm3/Ptpn6/Cd22/Cd19
GO:0055013,cardiac muscle cell development,59,0.5823097113416917,1.877800707414942,0.0012395546817739963,0.043825144415609515,0.03912450176858587,1179,"tags=25%, list=14%, signal=22%",Neb/Ttn/Nrap/Speg/Nr3c1/Map2k4/Pak1/Akap13/Slc25a4/Met/Srf/Pdlim5/Asb2/Fhod3/Gsk3b
GO:0048041,focal adhesion assembly,63,0.5595140542137603,1.8220819537633524,0.0012365811811814525,0.043825144415609515,0.03912450176858587,1234,"tags=29%, list=15%, signal=25%",Actn3/Clasp1/Wdpcp/Smad3/Apod/Col16a1/Vcl/Pdpk1/Sorbs1/Clasp2/Mmp14/Epb41l5/Slk/Itgav/Coro1c/Cttn/Ptpn11/Lrp1
GO:0045589,regulation of regulatory T cell differentiation,18,-0.7316398305359644,-1.923520921817002,0.0012996478474855138,0.04495710692830337,0.040135051075848145,104,"tags=22%, list=1%, signal=22%",Carmil2/H2-Ea/Il2rg/Gimap3
GO:0002705,positive regulation of leukocyte mediated immunity,77,-0.5023820621172564,-1.7833988379153045,0.0012988105595827704,0.04495710692830337,0.040135051075848145,261,"tags=16%, list=3%, signal=15%",C3/H2-Q6/Cd1d2/H2-Q1/Il1b/Vav1/Itgb2/Dennd1b/H2-Ea/Ptprc/Gimap3/Ighg2b
GO:0045216,cell-cell junction organization,126,0.4589029118868816,1.6537652275335493,0.0012998283587064455,0.04495710692830337,0.040135051075848145,1483,"tags=32%, list=17%, signal=27%",Xirp2/Cldn4/Cdh19/Tgfb3/Mpdz/Zfp703/Smad3/Pkp3/Vcl/Ctnnb1/Hipk1/Dsp/Cdh1/Ocel1/Cav1/Tgfbr1/Cd9/Cldn7/Gjb2/Irx3/Srf/Rhoc/Ace2/Ocln/Prkci/Cdh3/Ceacam1/Tgfb2/Adam10/Nfasc/Svep1/Nedd4l/Shroom2/Slc39a9/Lsr/Pkn2/Actn4/Itgb1/Pak2/Jup
GO:0060627,regulation of vesicle-mediated transport,354,-0.33732601641134236,-1.4648487250592634,0.0013359678534128638,0.045874637153522295,0.04095416789560979,836,"tags=15%, list=10%, signal=14%",Rin3/Atp2c1/Rala/Casp3/Smpd1/Abr/Trf/Snx3/Pla2g6/Rab4a/Hip1/Grik5/Znrf2/Bcl2l1/Ppp3cc/Cln3/Msn/Atp13a2/Il15ra/Egf/Eef2k/Rab3a/D6Wsu163e/Csk/Ankrd13d/Doc2b/Cnn2/Hck/Syt9/Arrb2/Lpar1/C3/Cfp/Mical1/Stxbp1/Tulp1/Btbd9/Cacna1a/Nckap1l/Cbarp/Itgb2/Rint1/Dock2/Syt3/Ptprc/Coro1a/Il2rg/Ighm/Septin1/Rac2/Ighg2b/Cd22
GO:0014823,response to activity,46,0.6093361592815367,1.868559847762929,0.001376017232307356,0.046579647161723484,0.04158355921149815,1446,"tags=43%, list=17%, signal=36%",Myh4/Myh2/Fn1/Abcc9/Pck1/Alad/Mmp2/Adipoq/Gpam/Atp1a3/Hif1a/Postn/Cry2/Prkaa2/Cab39/Col6a1/Anxa2/Itga5/Zeb1/Itgb1
GO:0048659,smooth muscle cell proliferation,113,0.4747074356935147,1.7010178551455322,0.0013707077164276497,0.046579647161723484,0.04158355921149815,1567,"tags=35%, list=18%, signal=29%",Tgfb3/Thbs1/Ndrg2/Apod/Tpm1/Id2/Pak1/Ctnnb1/Npr1/Traf6/Mmp2/Apoe/Tgm2/Adipoq/Cav1/Pik3r1/Zfp143/Retn/Myd88/Gna13/Hif1a/Egfr/Hmox1/Ace2/Spon2/Tgfbr2/Comt/Cnn1/Gsk3b/Flt1/Gnai3/Nf1/Tlr4/Klf4/Trib1/Foxp1/Shc1/Adamts1/Ddit3
GO:0048545,response to steroid hormone,196,0.4248767827665963,1.6157443058918575,0.0013858614967462754,0.04658251354908432,0.04158611815292011,1179,"tags=20%, list=14%, signal=18%",Spp1/Acta1/Cldn4/Adh1/Tgfb3/Cdo1/Ncoa2/Anxa1/Clock/Lats1/Nr3c1/Pak1/Ctsl/Idh1/Akap13/Atp1a2/Pck1/Alad/Pdcd7/Zmiz1/Alpl/Adipoq/Cav1/Pik3r1/Col1a1/Gjb2/Ubr5/Igfbp2/Egfr/Rela/Comt/Agl/Tgfb2/Cry2/Ptger2/Crebrf/Nedd4/Rest/Rbfox2/Gsk3b
GO:0071634,regulation of transforming growth factor beta production,16,0.7699484803745186,1.885013525672151,0.0014319735707745685,0.04779587310004906,0.04266933393077257,983,"tags=50%, list=12%, signal=44%",Thbs1/Fn1/Smad3/Lum/Laptm4b/Met/Hif1a/Tgfb2
GO:0036293,response to decreased oxygen levels,200,0.4109019398755982,1.5708626853437264,0.0014712845908983541,0.04876695383581837,0.04353625748506241,1250,"tags=23%, list=15%, signal=20%",Ryr1/Pygm/Tgfb3/Sox4/Smad3/Pak1/Pik3cb/Stc2/Abcc9/Casp1/Cpeb2/Pck1/Alad/Rtn4/Mmp2/Adipoq/Cav1/Cited2/Angptl4/Acvr2a/Cpeb4/Ece1/Plau/Mmp14/Hif1a/Pdcd10/Srf/Cbs/Hmox1/Itpr1/Limd1/Ndrg1/Comt/Postn/Apaf1/Tgfb2/Dnm1l/Ireb2/Slc2a4/Rest/Col6a1/Flt1/Stat3/Arnt/Mlst8/Nf1
GO:0007267,cell-cell signaling,486,0.3379611343903973,1.3961355585550097,0.0014923040535662485,0.04912253274256348,0.04385369734182341,1777,"tags=29%, list=21%, signal=24%",Spp1/Pvalb/Cav2/Sox4/Abca1/Pde4c/Pla2g4a/Slc12a2/Anxa1/Kpna1/Gnai1/Entpd1/Clock/Fbn1/Nr3c1/Pak1/Pdlim4/Plk2/Per2/Ptges/Acsl4/Ctnnb1/Il1rap/Slc7a10/Prnp/Cpeb2/Snap47/Klf5/Rtn4/Apoe/Cdh1/Tgm2/Stab1/Adipoq/Runx1/Sorbs1/Slc25a22/Lgals3/Dmxl2/Mme/Myo5a/Dmpk/Mcu/Erc1/Acvr2a/Retn/Cadm1/Fmr1/Bace1/Pfkfb2/Smo/Lyn/Met/Tmem132a/Atp1a3/Hif1a/Gjb2/Srf/Gipc1/Lgmn/Rab11a/App/Egfr/Gata3/Mgll/Pask/Synpo/Efr3a/Rela/Pfkm/Trio/Itpr1/Ythdf1/Lrp6/Hnrnpk/Comt/Cry2/Myo6/Dnm1l/Rbm4/Lama2/Prkcz/Farp1/Sptbn2/Kpna4/Nedd4/Dll1/Pafah1b1/Rest/Dagla/Gsk3b/Egr2/Stat3/Aacs/Selenom/Ptpn11/Lrp1/Nf1/Abhd6/Rap1b/Chmp2b/Ywhag/Oga/Snx4/Fxr1/Myo5b/Kif5b/Ptger4/Syt12/Dtnbp1/Ckap5/Glud1/Car2/Ppp3r1/Itgb1/Prkar2a/Rbp4/Kpna2/Irs1/Shank3/Cyfip1/Clcn3/Notch1/Kcnc3/Psen1/Slc12a4/Cry1/Atad1/Stx3/Cdh11/Camk2d/C1qtnf12/Rnf19a/Utrn/Kras/Rab5a/Neo1/Pparg/Bcas3/Homer3
GO:0006956,complement activation,23,-0.7059738585360091,-1.9678692879296056,0.0015108761104260446,0.04939323065111994,0.04409536045425111,476,"tags=35%, list=6%, signal=33%",Igha/Cfb/C3/Cfp/Il1b/Ighg2c/Ighm/Ighg2b
