"","external_gene_name","log2FC_TSC","pval_TSC","padj_TSC","log2FC_HCR","pval_HCR","padj_HCR","Ratio"
"1","Mnt",-0.488976387283366,0.0183115693645037,0.0623021526513723,-0.0927750372188942,0.0394864080601513,0.403776317116452,5.27055986115824
"2","Scn4a",-0.607251528787256,3.09985010469691e-07,0.0000048581587666833,-0.159185062194457,0.00316729191872605,0.115521393452142,3.81475196488884
"3","Luzp1",0.41397058706845,0.0050241614224326,0.0220783183153449,0.179938385817227,0.00390898106681012,0.129059423286457,2.30062410079049
"4","Tcea3",-0.542681746665942,0.0000181347994023896,0.000181337250659321,-0.122595788774765,0.0252786958734993,0.330421297389006,4.4265937034996
"5","Cpa3",-1.46314858028306,0.00321705326540206,0.0153175294969595,-0.211608391634244,0.0217208885881757,0.307751608716772,6.9144166211142
"6","Slc1a5",-0.687491496980405,0.0315545675937418,0.0956898214902566,-0.0574748142120605,0.0492201958820424,0.442255048154808,11.9616132110287
"7","Vwf",-0.377329487364253,0.0349963343761389,0.103505016284361,-0.231931961397679,0.0400215870213274,0.40647996164151,1.62689732407027
"8","Blvra",0.5078529495691,0.00238837599895517,0.0120194986542529,0.275000681892903,0.00194268623914226,0.0901744346392586,1.84673341925341
"9","Dyrk1b",-1.01590194712214,4.46528483979042e-07,0.00000675354326261851,-0.158325929718609,0.016478657985029,0.26790609519776,6.41652285843317
"10","Rpl3l",-0.804553339019567,4.5880779606865e-12,1.92164188333567e-10,-0.345073828867609,0.00239334228668758,0.0996134718472167,2.33153972197713
"11","Prkra",0.661405188418947,0.00210576461802879,0.0108297382656027,0.195534064180237,0.00406065245599783,0.130247452067953,3.38255736253345
"12","Apoe",0.621619865820565,0.00557852054721266,0.0239714481457236,0.44334604206516,0.000360743504521816,0.0410245529864532,1.40210987995964
"13","Fam32a",0.313923130965891,0.038649031043277,0.111570412323429,0.326667485309221,0.00132446745997814,0.0787944211104716,0.960986768146618
"14","Inmt",-0.697960990276448,0.000836378947303138,0.00496736110187532,-0.215923694980543,0.000143835654223802,0.0268029709803421,3.23244278651004
"15","Impdh1",0.971937621550666,0.00000293020815571658,0.00003578797645466,0.120732331830321,0.00236530378001111,0.0989854588838264,8.0503507785855
"16","Rad23a",-0.378469549493205,0.0182049316995879,0.0620018244869539,-0.122434783420779,0.0175239517712829,0.27709748738341,3.09119303288589
"17","Lpcat3",-0.367349515318366,0.00139310868886553,0.00765768812094264,-0.116804169981405,0.0322227061601779,0.370579787018274,3.14500343075805
"18","Utp20",0.287772951688396,0.0261974136614808,0.0828840009732211,0.139925752101993,0.00860861408328298,0.194423433614125,2.05661179136372
"19","Ralb",0.833230358853533,0.0000362703805628591,0.000332360343930781,0.105170814751304,0.0223649621779652,0.312414145745385,7.92263862197761
"20","Ulk2",-0.287357334334909,0.00557374624154278,0.0239570315281387,-0.0610992605181737,0.0299371092514482,0.358141410421436,4.70312294940846
"21","Cstb",0.657809455015461,0.00235643392239625,0.0118977709171781,0.19745890469542,0.0222027183688806,0.311557576643279,3.33137396882724
"22","Plekha8",0.665538925193579,0.0000181119425007152,0.000181216050663646,0.281566471224327,0.000026303949223766,0.0102118280115782,2.36370091332124
"23","Insr",-0.526043438766356,0.000184143922700703,0.00136784152858091,-0.108428957250113,0.0118468263443745,0.228190751750453,4.85150325252075
"24","Tmod4",-0.871314215580261,8.35623389287704e-13,3.85368502398556e-11,-0.141160303529052,0.0299196562525699,0.358141410421436,6.17251588298645
"25","Htra1",-1.82919563899252,1.07076343185986e-17,9.51232419282244e-16,-0.28630838495719,0.00835325300784656,0.192124819180471,6.38889999420042
"26","Crip2",0.839632576914782,1.14706991411348e-07,0.00000199601990518778,0.208730841978101,0.0098877379270036,0.208466474627659,4.02256115559038
"27","Itih3",1.8646547499132,0.0122695458762789,0.0456262755773764,0.282409380366317,0.00544140560092361,0.153487012528574,6.60266577368828
"28","Prkag3",-0.852481879901241,0.00157880441512754,0.00847603044622703,-0.386975939479763,0.0274000226202678,0.342387709887588,2.20293251577162
"29","Aldh16a1",0.481128817244493,0.00747924456916383,0.0307233314876895,0.184611429732747,0.0156851904213367,0.260651979865121,2.60617025685245
"30","Ift43",1.0181830811554,4.08889673287365e-07,0.00000623360663646577,0.131096955588244,0.0499089850698116,0.444284023655867,7.76664169344525
"31","Ctsd",0.683772833739898,4.70117807775471e-07,0.00000707229810823724,0.194479209157187,0.0114528146420973,0.223825638791512,3.51591739139191
"32","Carhsp1",1.91345708691023,2.68800246680227e-27,6.77176024435158e-25,0.115838206431264,0.0439052464369604,0.423752436357067,16.5183590618319
"33","Zmat5",0.625984786805524,0.00350887876168991,0.0164838198214762,0.0870158707121664,0.0100440295969257,0.210529899593723,7.19391510631634
"34","Slc47a1",-0.615702468926127,0.000161011172886639,0.00121488939971103,-0.681013541372342,0.0023694613997594,0.0989854588838264,0.904097248470855
"35","Gabra1",-1.49915888884997,0.0196700447134793,0.0660717780534959,-0.0766838428160836,0.0115840148163262,0.225053720120118,19.5498664881142
"36","Gltp",1.11822175790934,2.19065635116793e-11,8.0733817797737e-10,0.203132350928115,0.0146903864237384,0.254260063471895,5.50489251367479
"37","Kif11",2.27294031112528,3.03403956032591e-07,0.00000476830109299264,0.0678064799388718,0.0322884009433553,0.370782472983607,33.5209896336509
"38","Pigl",-0.395756018566142,0.0463539362107767,0.128221581334268,-0.195054063630729,0.00551515657592077,0.154697064022844,2.02895551725278
"39","Ptgds",2.4522746433023,0.000286379946019433,0.00199250086927536,0.153203864015437,0.0221833114405065,0.311557576643279,16.0066109236985
"40","Abca1",-0.926289845140385,0.000160689323259173,0.00121354590035417,-0.257558453555748,0.00000587004488999688,0.00461800740563562,3.59642571366772
"41","Mrpl32",0.280533744413071,0.0113952532816804,0.0430966793953582,0.14939953113822,0.00321201417617737,0.116653101943525,1.87774179929339
"42","Anp32e",-0.299563049161062,0.00181860921379227,0.00957165728705945,-0.0985449274253813,0.0224857837382926,0.313118362668605,3.03986270006533
"43","Lnx2",0.354530469534999,0.0380441654354393,0.110239908735585,0.0671603457154415,0.00919228911830352,0.200759237707895,5.27886605940275
"44","Abr",1.19918670861355,9.47575481120827e-08,0.00000167477764877889,0.331949499882663,0.000185526262532129,0.0297083040241438,3.61255766023879
"45","Jph2",-0.501114425599111,0.00417759357257988,0.0190566900375294,-0.161178617178172,0.00414537190760862,0.131925702156601,3.10906269313108
"46","Ksr1",-0.812524112457509,0.00000119961630283074,0.000016103824465615,-0.16105668845007,0.00940895134401372,0.203126900683755,5.04495727732168
"47","Ncor1",-0.437367009641301,9.58271707125709e-07,0.0000131930409009583,-0.330745896263052,0.00815158482880195,0.189118685771721,1.32236564257611
"48","Slc25a39",0.519820176506908,0.001769485966987,0.0093656800366176,0.231226514326885,0.000436627613756137,0.045023416806008,2.24809934976591
"49","Abca5",-0.45899086022971,0.0343876471549662,0.102102042153168,-0.100971275545457,0.031751260459651,0.367411316899058,4.545756778353
"50","Atp6ap1",0.49698864805609,0.00000101635386280074,0.000013868259377699,0.145828695988698,0.0142069733177042,0.249433837405019,3.40803052983899
"51","Fkbp8",0.245909958013656,0.0430185170970747,0.121060423227419,0.289021372872492,0.0130888385626793,0.240392641040661,0.850836585438768
"52","Hdac2",-0.374051198525629,0.00777608666273525,0.0317188416578802,-0.193781022914603,0.0179218634528723,0.28160962970574,1.93027775836682
"53","Prmt2",1.50628096615875,9.76045345942342e-11,3.26231077112095e-09,0.13046244771915,0.0136493800267558,0.245197705573785,11.5457052392682
"54","Pfkl",0.774961930959526,0.0000677187573663108,0.00056845164926013,0.143029038268883,0.0113016108529661,0.222482388991003,5.4182139538872
"55","Tcn2",0.310952225645827,0.0134872261507681,0.0490204328593487,0.260043544516131,0.0000403999447282098,0.0122930480465554,1.19576983241181
"56","Ogdh",0.261268357887964,0.0215013648363308,0.0708277785074996,0.118441527140707,0.0375816649638853,0.393741724103416,2.20588474494744
"57","Efemp1",-0.745024857082941,0.00505076672172161,0.0221658940062398,-0.52473242405371,0.000192516946493067,0.0299910014861865,1.41981860264591
"58","Dus4l",-0.707806444243179,0.00373139335481993,0.0173504651338858,-0.227693604038298,0.000475176223158634,0.0471345507350791,3.10859168500897
"59","Dnmt3a",-0.472316414552736,0.00420448745530844,0.019139035533482,-0.0936116694446554,0.0410707218408817,0.409380010487443,5.0454865013595
"60","Ston2",-0.671431399816992,0.000103144851457126,0.000820057441236381,-0.132884945783127,0.0471256276439232,0.433613900870486,5.05272734891123
"61","Snapc1",0.509243836932152,0.0286163472607305,0.0887406440223902,0.0755998738855332,0.0303797094006031,0.360224430899477,6.73604082598345
"62","Pfkp",0.446212260555211,0.0167907303975594,0.0582670103578134,0.135249474702657,0.00444407632903153,0.137455036676927,3.2991792503165
"63","Klc1",0.473354299033133,5.17747376417668e-07,0.00000772001587151397,0.171963333713895,0.00769116771492876,0.183455533301961,2.75264667653325
"64","Nup153",-0.568392712903502,0.0000238203481602526,0.00023080577301774,-0.0826835756143822,0.0304932965119125,0.361162800264847,6.87431220384516
"65","Spin1",0.274548416615035,0.0148594562070471,0.0528694690806806,0.307351276557108,0.00660533364811893,0.168249205604857,0.893272413540868
"66","Ctsl",1.79442717783071,6.15550898904864e-33,2.25867035274243e-30,0.106882260297352,0.0439838549800323,0.423969024352031,16.788821389429
"67","B4galt7",0.5154471763805,0.0124059626687294,0.0459715134765056,0.154114657109,0.00132404792889519,0.0787944211104716,3.34456946567997
"68","Mrpl36",-0.518290368382934,0.000774156495343269,0.00466257916971679,-0.2016741020241,0.00368810130653765,0.125825722908043,2.56994013203043
"69","Glud1",0.243333381956259,0.0184772922404654,0.0627647848111925,0.190378445639809,0.000545368503286752,0.0503698789679673,1.27815615438231
"70","Asb14",-0.507447219654549,1.29505105084735e-09,3.50869449233585e-08,-0.248441461787449,0.00134633408040672,0.0787944211104716,2.04252227467849
"71","Kpna3",-0.575332777926397,2.50420903127005e-07,0.0000040294131781513,-0.238038426472055,0.0436674558993098,0.422907571821401,2.41697437868897
"72","Cacna2d3",0.755060872406664,0.0351748943435344,0.103887496347247,0.0860641099413275,0.0134693048933918,0.243997054130735,8.7732374496339
"73","Lrp10",0.400160544522286,0.00306976809156607,0.014749392433118,0.06263607909837,0.0365006735823992,0.389709091141277,6.38865890525864
"74","Zfr",-0.272767386728955,0.00659425270473949,0.0277014413646834,-0.113863056740946,0.0295970864485481,0.357147693227202,2.39557407412254
"75","Ngdn",0.710916192370703,0.0000212526937919455,0.000209046747385925,0.39708500653135,0.0308566138514332,0.363768782247498,1.79033753649063
"76","Dhrs4",0.636117731897236,0.000447882149724591,0.00289315070998904,0.21767635485795,0.0433578959640793,0.421359405879661,2.92230973966993
"77","Laptm4b",-1.00144215056655,0.0000217353072784041,0.000213172720251123,-0.0990652634338876,0.0412206914198881,0.409967450839938,10.1089132139125
"78","Dcaf13",0.390866161454493,0.0000164151486479802,0.000166709563194499,0.110555058802264,0.0350717578372155,0.384823838259919,3.53548870299627
"79","Enpp2",0.779547375404833,0.00197883201447668,0.0102803033463687,0.143841231652901,0.0458137037819446,0.42957834356844,5.4194987518317
"80","Nell2",3.77252670565283,4.26755873866904e-10,1.28399507932254e-08,0.0534605820458953,0.0243403310312392,0.325264827199059,70.5665101516133
"81","Pmm1",1.68486736705097,5.79836288347155e-24,1.06381051206648e-21,0.102940461694287,0.0489186435185214,0.440248239850738,16.3673966419026
"82","Gpt",0.590972980762444,0.000307485670548754,0.00211063466172933,0.273116981170782,0.000482199662124081,0.047413492541694,2.16380899579768
"83","Chkb",0.461952821603644,0.0044156181843511,0.0199174824515399,0.209452525732832,0.0105523105710281,0.214059799214269,2.20552518995588
"84","Bbx",0.539994592727139,0.00166870766622663,0.008885210314902,0.221694469900307,0.000266241269817195,0.0334913668853283,2.43576031901006
"85","Dlg1",-0.74727039901105,1.47739277678002e-12,6.63215762746542e-11,-0.226211419791092,0.027650417930734,0.34373777192043,3.30341589165198
"86","Mylk",-0.738673104840941,0.00239376450692035,0.0120394371609978,-0.0554042532371595,0.0327574967018066,0.372359015623699,13.3324259724074
"87","Kpna1",-0.404506286711785,0.0000531596835469183,0.000463232988429754,-0.25408468644715,0.00145379182657018,0.0810422266643049,1.59201364068008
"88","Ifngr2",-0.424017082861413,0.00274388708744269,0.0134751440642843,-0.431727699635669,0.0000561331161880855,0.0141468070945981,0.982140092514882
"89","Il10rb",0.482227822717149,0.0328593504116164,0.0986189501418338,0.129244026332458,0.0267617918244917,0.339028901728101,3.73114206049803
"90","Tuba1b",1.06408451122899,0.000225328691420572,0.00162396369875655,0.160999927625394,0.0478387223026782,0.43628372219093,6.60922353769529
"91","Msrb2",0.604373293065996,0.00000184354087468989,0.0000237535316212906,0.612108271986319,0.00150264957663332,0.0815305072700059,0.98736338116258
"92","Rfc2",-0.356409710694325,0.0111110576459745,0.042230025220987,-0.758453751551328,3.36723206520105e-07,0.000541571174372372,0.469916207765247
"93","Pla2g7",-0.909659960445302,0.00105671150591988,0.00605439019294696,-0.562418535141225,0.00026075548362782,0.0329855686789192,1.61740750634558
"94","Cyp39a1",0.724777978449707,0.0118905582143617,0.0444618369739059,0.0695775521712862,0.0466726458751699,0.433015231632139,10.4168364053028
"95","Fbxl17",-0.321680134019416,0.0283381210494775,0.0881044658674029,-0.125247965069375,0.0134944096771831,0.244190881754109,2.56834619102385
"96","Mtch1",0.400140560566893,0.000670046368473139,0.0041261264697038,0.223790173163266,0.0159338051736874,0.263036283794662,1.78801667164791
"97","Pim1",-1.83418891493254,4.06277388363224e-07,0.00000620032191517437,-0.146274457614504,0.00233571884910107,0.0981983680012493,12.5393656886182
"98","Svil",-0.206857320903993,0.049401290053157,0.134018657970219,-0.127274782485664,0.00858531421720229,0.194423433614125,1.62528127618127
"99","Afg3l2",0.735110935343154,1.32529439973711e-11,5.00439466961134e-10,0.194164710016809,0.00636869442732311,0.165021740414309,3.78601721847145
"100","Cd74",0.90564947776507,0.00266731495339439,0.0131642131866503,0.174654418835216,0.0240426995012916,0.323487819702621,5.18537969897881
"101","Camk2a",-0.924069127103827,7.7047792642611e-11,2.60097938402926e-09,-0.14332945050644,0.0363994410578044,0.389394670140389,6.44716856053466
"102","Mrpl16",0.268171979366458,0.0297130521257054,0.0913028594265031,0.161284642748742,0.00764783436253773,0.183003492392415,1.66272482485658
"103","Jak2",-1.34364600401533,2.09753837911658e-15,1.42186145787586e-13,-0.292795773103975,0.000630375127476032,0.0535628556429352,4.58902117940816
"104","Drap1",-0.348863293446069,0.0312623860015112,0.0950428338111506,-0.182391322356898,0.00188813615477914,0.089130318233044,1.91271870250178
"105","Slc1a1",2.75270213766077,2.77722367281437e-39,1.7361762360531e-36,0.132976158828252,0.0341353400250642,0.379380775589521,20.7007193012401
"106","Scyl1",-0.652009415837002,1.27043110527328e-08,2.75270945133602e-07,-0.560673168054316,0.0371509554829152,0.39202333348228,1.16290461714023
"107","Pcyt2",0.893780855261549,9.36232550152803e-08,0.00000165950104555706,0.15777968822028,0.00789826814830338,0.186281928979077,5.66473964642215
"108","Csnk1d",-0.212673270953944,0.00482200177979472,0.0213455462998046,-0.132120188012479,0.020002855379349,0.294628713199304,1.60969549130415
"109","Cpn1",1.25437479655081,0.0315303845707956,0.0956608449023835,0.192363990845001,0.00478786999262947,0.142227531166277,6.52083995055776
"110","Mgea5",-0.292144426098815,0.0409647136472756,0.116640249941357,-0.275943998800064,0.000258746966745329,0.0329164149729072,1.0587091126069
"111","Cd63",0.632762326944692,0.00000108866120262576,0.0000147831958480452,0.501114043719456,0.000469526741298894,0.0469881494836764,1.26271122287472
"112","Atp5b",0.192103947614299,0.0417069733174866,0.118295901971498,0.0738283024218056,0.0346844162417757,0.381901711743796,2.60203663517475
"113","Pias2",-0.431155216623019,0.000263239703848596,0.00185169841249236,-0.165764116356341,0.0200065418342469,0.294628713199304,2.6010165897194
"114","Fuom",0.445465705782036,0.000140390521048443,0.00107321177752566,0.305732215893903,0.00607839331844629,0.161399979188037,1.45704535742031
"115","Ptdss2",-0.268133702110104,0.0387488844621047,0.111706647452752,-0.214918586508922,0.00178053425530426,0.0874496610735086,1.24760592587916
"116","Wdr73",0.634336943732337,0.00289464303468722,0.0140924948896699,0.3095650447227,0.0000903650696584393,0.0191957572971611,2.04912329265263
"117","Pgm1",-1.01212276958261,6.54567384969683e-08,0.00000121678886463693,-0.228684947473331,0.0450756064210918,0.427704296670971,4.42583904522462
"118","Slco5a1",1.04857607470428,0.00000101090193482632,0.0000138162054720109,0.385081513211599,0.0000979156462099822,0.0202272165661483,2.72299769978336
"119","Col3a1",1.02474279034659,0.000178685552138766,0.00133275891937704,0.371911023850803,0.030889954336652,0.363780910982423,2.75534395226122
"120","Tuba4a",-0.459941618096476,0.000196559470571698,0.00144563281210444,-0.202008587240869,0.00237412358438307,0.0989965569436179,2.27684191240869
"121","Dnpep",0.277203331257457,0.0117709769662889,0.0441418174214599,0.105172896311995,0.0475630217355837,0.435147361553691,2.6356917131495
"122","Serpinb8",1.7306937294656,5.4549992093389e-12,2.22941723134216e-10,0.103875963442484,0.00300033059452225,0.11241005656715,16.6611569424709
"123","Dbi",0.751715098646725,0.0000160021762251657,0.000162711284641309,0.264341551447956,0.00169152401693514,0.0855017697314362,2.84372658981963
"124","Ddx59",-0.595475611274902,0.000937602829498128,0.00546659694614815,-0.0949015738315406,0.0357627451529401,0.387457608608345,6.27466528987104
"125","Nucks1",-0.258216942768473,0.0269590719910832,0.084706789439856,-0.14678142812879,0.0184004467058257,0.285149937009688,1.75919355779742
"126","Lrrn2",1.48469454536362,0.00963046437865227,0.0375973229537532,0.161451016414349,0.0197380956588609,0.292879770211894,9.1959442457351
"127","Xpr1",-0.412350113489797,0.0173102145585998,0.0596683623309696,-0.208082658932599,0.00842292439032824,0.192742874488842,1.98166495759439
"128","Rnf2",-0.323335832216733,0.00866693697529695,0.0345919198879256,-0.0960749238969765,0.0434767288244915,0.421801026616223,3.36545499180883
"129","Prrx1",0.378860313252927,0.00415341634746325,0.018962811611802,0.27403795927826,0.0178577097376953,0.28099374574681,1.38251034364268
"130","Mark1",1.36134306302826,0.000147637404965004,0.00112200439369847,0.0862324018826506,0.0316929169315585,0.367155351054918,15.7869087872659
"131","Ddr2",-0.360406212421311,0.0369203643276957,0.107712562099045,-0.277350927243502,0.000121781532794927,0.0238448241212468,1.29945919418142
"132","Bmi1",-0.457078043031196,0.000577300324446175,0.00361702010999517,-0.191363093912547,0.015247635108118,0.258143608819168,2.38853811195214
"133","Dolpp1",-0.604856391552018,0.000523185541138329,0.00331737368477605,-0.0774518983678822,0.0119350920849655,0.229378900898061,7.80944565979599
"134","Sh3glb2",0.635624914536032,0.0000278718846258829,0.000264149096350521,0.0797778062091625,0.0190032948531009,0.287820618769312,7.96744037896382
"135","Hspa5",1.08627693591465,5.84778626044949e-17,4.83846981814347e-15,0.159705397311788,0.0143916603889927,0.251274861834424,6.80175469457646
"136","Agpat2",0.69271760977618,0.00211018880830885,0.0108491857738182,0.357759847493496,0.00604895889196519,0.161064630504872,1.93626426953565
"137","Uap1l1",0.968329206862256,0.0000212189679653341,0.000208836711537536,0.120192258119241,0.0187593871351453,0.287155078261093,8.05650232398156
"138","Baz2b",-0.419455582044233,0.0247669572216129,0.0792345471841556,-0.255818249695624,0.0000309732799313022,0.0110035666332837,1.63966246561106
"139","Itga4",-0.908908347190893,0.00440815766136902,0.0198944634134352,-0.321626758407463,0.0274787354782533,0.342791516212648,2.8259724150172
"140","F2",2.49283862371423,0.000107076498892044,0.00084812023688353,0.210519056003526,0.0328479856284196,0.372635198010021,11.8413918009991
"141","Tubgcp4",0.742240246108287,5.54785566513439e-07,0.00000818551186816464,0.119244003530311,0.0045953939576822,0.140209330277954,6.22454986526524
"142","Ttl",0.623895540478644,0.000625573403461832,0.00388772219331085,0.200474394298137,0.00709105659853233,0.175847270296423,3.11209589964299
"143","Mylk2",-0.643340811558679,3.98190249626749e-07,0.00000608347859213448,-0.316147459353425,0.0296449480713278,0.357229747525622,2.03493905304322
"144","Chmp4c",2.63910963839301,6.2327457623222e-07,0.00000905357278160382,0.195976763437575,0.00128629193968539,0.0780685595846253,13.4664415928761
"145","Car2",2.48062874227127,7.07178163856075e-18,6.45214066363605e-16,0.284463002685463,0.00904482051020329,0.199083307358991,8.72039147043018
"146","Pcmtd2",-0.313939650560148,0.041256911439283,0.117313916472988,-0.152724478250132,0.0465053686402732,0.432591466192882,2.05559484738247
"147","Map1lc3a",0.847154555092045,0.0000692941779289899,0.000580743013536952,0.270313052949902,0.00315142044701706,0.11538298244794,3.13397575828146
"148","Epb41l1",0.739561949057895,0.00000682218164104066,0.0000764111505767254,0.204530715287049,0.000561479754006297,0.0503698789679673,3.61589675183972
"149","Aar2",0.333309619001081,0.00923304487223473,0.0363020182619264,0.106141837660342,0.00860519583620935,0.194423433614125,3.14022845607483
"150","Dhx35",0.323404014287344,0.0304034880986661,0.0929001585114743,0.116278298462126,0.0291850914548656,0.353442106321648,2.78129297181523
"151","Ect2",1.84945604258531,0.0482979468960913,0.131810530538632,0.0681407548441859,0.0343628591380038,0.380220392732399,27.141701714552
"152","Ppid",-0.764488269195711,1.70202694022828e-08,3.60910963870768e-07,-0.218715172651303,0.0277550847957985,0.344384075959276,3.495360015167
"153","Ccnl1",-0.312244458669911,0.0384213856870385,0.111047015241699,-0.145356242086054,0.0242002388729107,0.324741822825584,2.14813243785606
"154","Ptgfrn",0.416123328924973,0.0326311077428964,0.0981783364692242,0.204504290147529,0.00144708651645803,0.0810422266643049,2.03479021699145
"155","Trim2",-0.697837329385774,0.0209859271708631,0.069476547366251,-0.254624237367427,0.00286931399416269,0.109878134705036,2.74065555031505
"156","Arhgef2",1.42771404848597,7.48901142379316e-15,4.80635071567318e-13,0.156435794385255,0.00930057664174421,0.201985317621972,9.12651771352238
"157","Tmod1",-0.426448179726211,0.00507766279096188,0.022249706710448,-0.225755450477907,0.0100510566266932,0.210529899593723,1.88898287427149
"158","Anp32b",-0.554023589868119,0.000156397694076672,0.00118378326382069,-0.0766321455895875,0.0454218018495703,0.428651597756402,7.22964998050893
"159","Ptgr1",1.7100453313251,0.000017154355650395,0.000173590149294375,0.572714821294051,0.00106876234777524,0.0697857139429577,2.98585834999214
"160","Cntfr",-3.34264454849557,5.91643595537564e-20,6.98346311124374e-18,-0.125337097214564,0.0074413267713559,0.181142005308779,26.6692353882532
"161","Prkaa2",-0.459991026613999,0.00190299447460138,0.00997535519776295,-0.101494785052551,0.00810755542464619,0.189056552826548,4.53216415381175
"162","Eps15",-0.589147784304965,4.36162027932816e-08,8.46204467756093e-07,-0.227796974230343,0.00208764161649775,0.0930094249439207,2.58628450309982
"163","Hook1",-1.2437568738453,3.01776289035089e-09,7.65967215432069e-08,-0.334105287128929,0.000204559195168126,0.0309131503194677,3.72264948134551
"164","Ppie",-0.382774061957821,0.0311754443629808,0.094845640176112,-0.226357619611447,0.0235004534696354,0.318770910105892,1.6910146988419
"165","Trit1",0.489526140413927,0.000885495158363678,0.00520957573301517,0.125148781627516,0.0270005162895279,0.340218592776329,3.91155338508144
"166","Pef1",0.297904375952863,0.0327380479881764,0.0983704238812267,0.154456312057009,0.0317530054041642,0.367411316899058,1.92872904956392
"167","Slc30a2",-1.43586038769986,2.1741280146741e-07,0.00000353536673985396,-0.394288247337839,0.000513193215505908,0.0491726452491341,3.64165150088678
"168","Sema3a",-1.54029096386653,0.000634361429262592,0.0039384596563346,-0.086062128861955,0.0314067914346907,0.365660146191794,17.8974304288612
"169","Plekhm2",0.468020422425197,0.0036618119870575,0.0170786749183596,0.145165074882012,0.0202747940696516,0.296831949327923,3.22405663211758
"170","Necap2",0.765635720525351,1.10856172350718e-08,2.4507722709324e-07,0.12903775693054,0.02020148154374,0.296143723906506,5.93342397401938
"171","Padi2",-1.76597809382006,2.89350248408519e-18,2.75928974174429e-16,-0.613925979808565,0.000889881460660251,0.0646369704828609,2.8765325982307
"172","Gnb1",0.488067235242733,0.000300927404418719,0.00207151454289705,0.141546582945288,0.00721193902619215,0.178256016523346,3.44810326810492
"173","Ablim2",0.395407533436322,0.0000896630600380616,0.000727671078815112,0.173583281751537,0.0287510525262843,0.351055261781608,2.27791253539209
"174","Rgs12",0.738881264161558,0.00162841826907344,0.00871190870481479,0.0665564134357046,0.0186739010936832,0.286604425031843,11.1015787362902
"175","Plb1",0.606003159110918,0.013931986577438,0.0502689186491183,0.680371655425827,0.00000697305377233251,0.00461800740563562,0.890694305499302
"176","Dmp1",2.2199290009103,1.82817288475389e-08,3.81498807167196e-07,0.340238372393472,0.00109380179828934,0.0708292434796451,6.5246285576015
"177","Gpn3",-0.89566237331636,5.56051525491876e-10,1.63797446750041e-08,-0.147393287130146,0.0113034530801487,0.222482388991003,6.07668361806397
"178","P2rx4",0.479895706307424,0.04033627652469,0.115103298640785,0.162106416047848,0.0473211906264082,0.434131718024272,2.96037453672269
"179","Tspan12",0.62004169245415,0.000258372629865241,0.00182090673047824,0.202967137277081,0.026405614086088,0.336917036261537,3.05488711508848
"180","Gigyf1",-0.385297828706598,0.00398377226453297,0.0183021480819412,-0.114844613383612,0.0170044387910729,0.272802214498194,3.35494906861325
"181","Pop7",0.385600937928678,0.00509516974789424,0.0222974773592706,0.102280104095655,0.0458453480909259,0.42957834356844,3.77004835239563
"182","Tmem176b",0.541730705847555,0.00438071836506184,0.0198023956303907,0.166633016558542,0.0322913545108519,0.370782472983607,3.25104062229608
"183","Mkrn1",0.57972539830511,7.1303405250176e-07,0.0000102428100188742,0.0915426183291626,0.00424214757373108,0.134157917019245,6.33284702673212
"184","Cnbp",-0.420801165649914,0.0000166032954480552,0.000168215500520842,-0.0685588469673668,0.0387653948429818,0.400036844949322,6.13780984167091
"185","Adipor2",-0.334811389467231,0.000219237348253698,0.00158479965789044,-0.134404516825878,0.0182339183617324,0.28334930279581,2.49107245332373
"186","Ltbr",0.376141491117499,0.0229264774598526,0.0743612630754905,0.0796406438050248,0.0122565234569443,0.231809102166202,4.72298405872213
"187","Tnfrsf1a",0.447100402384703,0.0214392599165967,0.0706507747232011,0.149506753935304,0.0373969854263709,0.39293883380569,2.99050304160959
"188","Pcsk6",-0.723288979154326,0.000352082248447508,0.0023667050065892,-0.225724895209204,0.0144275883079206,0.251427755081403,3.20429422941574
"189","Ttc23",-0.487514809049393,0.0053066656465388,0.0230556523675491,-0.22300116326319,0.031378727881493,0.365660146191794,2.1861536590911
"190","Mvp",1.31801242967298,1.45292961466468e-14,8.758571059259e-13,0.220792686821826,0.0000580354145863445,0.0142894732279449,5.96945690840105
"191","Nupr1",1.39529319157075,1.16388992578275e-10,3.82949279869144e-09,0.278695758987865,0.0209629175004442,0.302578213690706,5.006510313031
"192","Acadsb",0.274015457411749,0.0046019902145428,0.020554906809015,0.224283480303439,0.000520094533874013,0.049622748386615,1.22173713837963
"193","Irak1",-0.427078754262192,0.00000459543936962695,0.0000534940835309885,-0.359529016526666,0.00131092250515432,0.0787944211104716,1.18788396660751
"194","Morf4l2",-0.280589669699162,0.0172907989969046,0.0596467190412328,-0.102179677465648,0.00599491806746938,0.160127603944494,2.74604184176932
"195","Tenm3",-0.771638013525975,7.17092554252623e-07,0.0000102676727351648,-0.257403512731427,0.0230659977238005,0.316201798761934,2.99777576979338
"196","Dnaja2",-0.37627350819856,0.000725934663729974,0.00442029263675982,-0.107235588945068,0.0265359062412148,0.337575706685555,3.50884917871163
"197","Gnao1",-1.05789251092667,9.57478536909136e-07,0.0000131928818159096,-0.228198050362696,0.04722794040729,0.433699646880485,4.63585253793915
"198","Slc7a6",0.627403519514523,0.0000231335442564668,0.000225024524241857,0.0892386367561748,0.0171760787849583,0.274099054571869,7.03062644523321
"199","Wwp2",0.872974553056832,1.5590615852629e-14,9.29872809104329e-13,0.107371103996598,0.0171471805872762,0.273831961194112,8.1304421819533
"200","Agt",1.76083552167571,4.04693105528368e-08,7.88777705336412e-07,0.132980373282479,0.0359986834604562,0.387652967708796,13.241318836843
"201","Jam3",0.596394707112338,0.00916988281622765,0.0361382805301656,0.122206445425697,0.0265103257571031,0.337440929944992,4.88022301143642
"202","Birc3",0.70647690483716,0.0000146213574774459,0.000150392378343577,0.209640807516602,0.00828873466939309,0.191065127918377,3.36993981852131
"203","Gnb5",1.23043541821017,4.82855615583093e-09,1.14628972368875e-07,0.108550661853834,0.0171332656184375,0.273803933236591,11.3351258960261
"204","Nedd4",-0.149580579457828,0.0273417795281357,0.0857172913550152,-0.232668175989044,0.000226551430730914,0.0313267010463373,0.642892302834194
"205","Ccnb2",1.85053650232902,0.000669297322057378,0.00412452336582931,0.0979439856467943,0.0343357349491313,0.380107052040113,18.893824772482
"206","Anxa2",1.49573080345954,1.63175170046902e-18,1.62013746777745e-16,0.202349714861818,0.045091382419216,0.427704296670971,7.39181077908095
"207","Fbxo22",0.247910791231309,0.0281367914598223,0.0876237828506163,0.170759054521966,0.0064316263867349,0.166079049713429,1.4518163732244
"208","Gsta4",0.838377939265658,0.000165211953297293,0.00124159063210375,0.116966562482209,0.0153791140195943,0.258952869632141,7.16767186684809
"209","Smad3",-1.12946938343322,7.43882513901184e-08,0.00000135301648191143,-0.100893537074711,0.0102105515583257,0.211632390632386,11.1946653490486
"210","Manf",1.42835145499758,8.1713132131002e-15,5.16567774246885e-13,0.152412390379412,0.0406116745034617,0.407312971706202,9.37162294641447
"211","Nt5m",0.656690789259576,0.0000180060808581467,0.000180263724083427,0.149814353556904,0.00104209520454993,0.0697857139429577,4.38336363418039
"212","Srek1",-0.293757315310193,0.0211196627931011,0.0698156655473468,-0.149487349420347,0.015362276851723,0.258952869632141,1.96509816014043
"213","Pon2",1.24227108394305,1.8513823514249e-55,2.84086206451826e-52,0.244305033825088,0.000842311281837801,0.0631733091809797,5.0849180816817
"214","Ilvbl",0.653803649637032,0.000306140661039057,0.0021039691440058,0.107520724751947,0.0396493562855309,0.404890954866803,6.08072212259893
"215","Srxn1",0.947007722076048,0.00000727898853070304,0.0000810970609965258,0.0504403492392598,0.045414302665486,0.428651597756402,18.7748050193704
"216","Slc10a3",1.1547380880318,6.84911128632164e-08,0.00000126207586683213,0.11424399371257,0.0471402510376005,0.433613900870486,10.1076481179137
"217","Alox12b",-2.670888162077,0.0224744761026314,0.0732470905843437,-0.0908479825394393,0.0129143346015467,0.238460452744494,29.3995319149493
"218","Pygb",0.898530406995458,0.000004049220332984,0.0000479558438375921,0.152497119037735,0.0241757826038135,0.324607094150309,5.89211398002293
"219","Arhgef5",1.19573947611177,2.67918514081629e-14,1.56477390975219e-12,0.105523339407097,0.0038681286740142,0.128274894481263,11.3315166372696
"220","Foxn3",-0.425429981051754,0.0147641172323603,0.0526196271728286,-0.18898231026132,0.0128663373679748,0.238249439568,2.25116298167527
"221","Ppp1r16a",0.599503782148918,0.0000547594053140247,0.000475454733691062,0.145169440114843,0.0295841524262267,0.357147693227202,4.12968309083958
"222","Ogt",-0.666194653591355,0.000155071712808648,0.0011748004670095,-0.314948853256668,0.000328477800050572,0.0381254362048388,2.11524711616727
"223","Irf2bpl",-0.922563681955016,0.00200113880168977,0.0103865995798652,-0.0847758968584991,0.0226076044923461,0.31365091210977,10.8823818578397
"224","Plekhm1",0.58704977116901,1.29636372276402e-07,0.00000223506877186251,0.121548129214935,0.0203947205362038,0.298199949554352,4.82977216482634
"225","Kdelc2",-0.607921519505591,0.00377214855012155,0.0175158446705644,-0.0645625767525715,0.0401431016976354,0.406483572493088,9.41600459714269
"226","Tmub2",0.464679156034743,0.000219446465094141,0.00158563222787843,0.131760135296664,0.0182651424538779,0.283638767333772,3.52670521313973
"227","Map4k5",-0.246663040248326,0.0238241441669204,0.076800559471629,-0.17079817136848,0.0145383193540439,0.252592080937506,1.44417846088162
"228","Eef2k",-0.553631063573435,0.0000158640330462749,0.000161403866056705,-1.21022082696307,0.0001898018581686,0.0299910014861865,0.457462845820226
"229","Plekhh3",-0.756209589005313,0.000519099056643078,0.00329517599739696,-0.152283159826905,0.00648180900171949,0.166316553189029,4.96581230560798
"230","Arl6ip5",1.09021907598778,1.84826742603601e-07,0.00000306998667460398,0.162844525349849,0.00930225049402608,0.201985317621972,6.6948463489675
"231","Sbno2",1.11549482178207,1.9056214418297e-11,7.11614697270873e-10,0.111069865037857,0.0482005503015819,0.43763378675029,10.0431815722641
"232","Serbp1",-0.45326895009152,0.0000749001293754202,0.000619118160493495,-0.129047069269344,0.0113411124500769,0.222616843937761,3.51243118234222
"233","Cnot1",-0.292809715252339,0.00722203260205665,0.0298702985273497,-0.144057727140231,0.00230649313136474,0.0981983680012493,2.03258597136763
"234","Decr2",1.10330260418217,9.87571886928706e-09,2.19910631655272e-07,0.118190750286886,0.0341159388457085,0.379380775589521,9.33493189191292
"235","Dchs1",0.662004550416929,0.00132642231467872,0.0073381456078211,0.061711593982019,0.0184168385057585,0.285207670312355,10.7273934717975
"236","Phkb",-0.907833900499656,9.36965754141762e-08,0.00000165950104555706,-0.310029990741008,0.0210390800395884,0.303223425261389,2.92821316521614
"237","Acaa2",0.43548804975044,0.0247640740583782,0.0792345471841556,0.49653686781034,0.00824238862490471,0.190352681709722,0.877050785112661
"238","Elf2",-0.560405085315072,4.66227574478443e-07,0.00000702003142695953,-0.172563522323255,0.000754526213990439,0.0586761020698935,3.24752924471078
"239","Stag1",-0.390501536385755,0.000255239944753273,0.0018047672111535,-0.146537431370813,0.00774769414620951,0.184024081318776,2.6648586148449
"240","Rims2",4.50199900020556,7.10246180513055e-09,1.62883767403259e-07,0.108095711843679,0.0387395260019948,0.399953189815184,41.6482663689386
"241","Tob1",-0.718525576610209,0.000878262074619229,0.00518328166346083,-0.238735311615505,0.00740397908891454,0.1808193027604,3.0097163747918
"242","Nme1",0.775319168038119,0.000391908201858476,0.00257546881702759,0.094506778374118,0.0496903996646222,0.443877315188536,8.20384718828222
"243","Phc3",-0.429294680642074,0.0109858269069075,0.0418671872570989,-0.104577029751118,0.0398735998706907,0.405525676733668,4.10505712070566
"244","Tspan14",0.462862858623797,0.00401614332390812,0.0184358126636511,0.161386973370643,0.0000585353385812575,0.0142894732279449,2.86803109914442
"245","Slc24a2",2.33552297954544,7.23418168350106e-24,1.31296508210553e-21,0.0887812424652576,0.0357237250050337,0.387457608608345,26.3064912665464
"246","Phf2",-0.597522622736362,0.0000117765443731054,0.000124312878344994,-0.080183202978124,0.022779834983981,0.314670353495672,7.4519675012157
"247","Prkab2",-1.18773722303841,1.01236532018171e-11,3.89241782217472e-10,-0.444618937302875,0.000227197706023361,0.0313267010463373,2.67135995206008
"248","Samd10",-0.567829347458789,0.0311685349522218,0.0948429243660632,-0.0854126557055412,0.00754384085410961,0.181728458911347,6.64807039153977
"249","Rnh1",0.677086639511488,0.0000269213555622744,0.00025629191231564,0.132590617497911,0.00240171934601047,0.0997777020555678,5.10659541594001
"250","Ctnnal1",-0.757077459340161,0.000534854734706842,0.00337867255505868,-0.19883832281101,0.0245768496352171,0.326103077923502,3.80750274211345
"251","Tlr4",1.6471549733023,5.19512247669958e-09,1.22641219977919e-07,0.0704389197895638,0.0366277706091676,0.390144834743929,23.3841600385578
"252","Fam173b",-0.316607365074016,0.0498617940846036,0.134947666585498,-0.160524642582672,0.0356538612308407,0.387457608608345,1.97232873395721
"253","Wdr93",3.0901989182912,3.95025562672265e-09,9.64333217576902e-08,0.121491414432445,0.0259576346835334,0.334184139604986,25.4355333068371
"254","Nexn",-0.442305103962733,0.000870851621475304,0.00514674527972047,-0.1229617275068,0.00275390479604329,0.107655684535602,3.59709572182347
"255","Hlx",-0.590888795387835,0.00620584402348476,0.0262725484872918,-0.109427630959551,0.0445976884647927,0.426994951291669,5.39981346764465
"256","Rxrb",-0.711694942003888,0.0000647182463564729,0.000547284208542538,-0.115376045677641,0.00370887339071131,0.125976039984049,6.16848096867833
"257","Zer1",-0.320169958673019,0.0220751689832838,0.0722526230887816,-0.155058885647174,0.00179749732627991,0.0875473194288605,2.06482819308753
"258","Pcif1",-0.706196908087895,4.78996620038948e-12,1.99137535705355e-10,-0.0738493578899675,0.0339892406410536,0.379231327961174,9.5626682244157
"259","Spsb1",0.909931253688381,0.00164690751515676,0.00879131940174917,0.134720364718332,0.0204587106781795,0.298288781181109,6.75422201825857
"260","Hip1",0.242807453781358,0.0277879247267971,0.0867774988831836,0.192007023213758,0.00543801410421463,0.153487012528574,1.26457589788809
"261","Mrps35",0.344924198587989,0.00591746648681316,0.0252415761513569,0.438546753474716,0.0124901149843705,0.23358797267697,0.786516365370552
"262","Ambra1",0.282695554222027,0.0215774799704309,0.0710230663847315,0.174984608389877,0.036529480451032,0.389709091141277,1.61554525751295
"263","Pogk",-0.949793973056606,3.62179755472064e-09,8.97684595097351e-08,-0.0820777325550557,0.0192871134797437,0.28930832387153,11.5718836703915
"264","Bsdc1",-0.196966762880723,0.0231421303684288,0.0749598960830376,-0.0785239682951024,0.00886948868022322,0.197250223099996,2.50836486180243
"265","Wwp1",-0.361457808342194,0.0208561715888821,0.0691613595773558,-0.210394249863888,0.00441525119498018,0.136939684789764,1.71800231506343
"266","Tspo",1.34631647419418,1.29127002769497e-18,1.31297269864237e-16,0.533961413502203,0.00000886458368877661,0.00525273239263639,2.52137409211616
"267","Rnf10",0.384346778402779,0.00721855106293419,0.0298632165174672,0.140071526739813,0.0215814009529981,0.306979409512734,2.74393224196602
"268","Tmcc2",-0.533903567970147,0.000227387068534057,0.00163718451333858,-0.0860058399582524,0.0417918121192738,0.41291229459152,6.20775947574381
"269","Sgsm3",-0.292741602658928,0.0395839932885616,0.113532408278272,-0.160767018074345,0.0359143361334987,0.387474258349532,1.82090584353286
"270","Gatad2b",-0.481040351216665,0.00747551286395014,0.0307229563259349,-0.150599342909812,0.0322243293059369,0.370579787018274,3.1941729752748
"271","Mybph",-1.58697950619751,0.0000972112218330083,0.000778750931807948,-0.959678309339409,0.00610147108969355,0.161552648944162,1.65365778381498
"272","Dmtf1",-0.414070437984768,0.00625185957047322,0.026447402929829,-0.0673505062803148,0.0496431508152139,0.443877315188536,6.14799295288731
"273","Kcnj12",-0.311333751028019,0.049808684681248,0.134838939652732,-0.215857102786181,0.023948132719215,0.322512024185744,1.4423141374987
"274","Shc1",0.633832179825149,6.4813046257664e-08,0.00000120615149700453,0.137319148982958,0.0235640654535552,0.319249134667692,4.61575959740189
"275","Jph1",-1.41515939697071,2.76437582172899e-26,6.13946045986364e-24,-0.232922327504269,0.0148860054865576,0.255289974636478,6.07567085617746
"276","Ubxn10",-2.08685966303785,0.00127228360347667,0.0070780734815698,-0.128338141071054,0.0355559689257916,0.387457608608345,16.2606349571673
"277","Adamtsl5",0.894329478608089,0.0000137899963335138,0.000142973801052444,0.145826820463488,0.0324205227885291,0.371318876718875,6.1328188858922
"278","Zrsr1",-0.870146282107276,3.57048567409535e-09,8.87573309176074e-08,-0.145298919382252,0.00393967831348892,0.129212061477247,5.98866313532652
"279","Cxxc5",-0.550637251050453,0.0277301573708558,0.0867093972328039,-0.149961030649274,0.0244701493658597,0.325839357345395,3.67186894266065
"280","Cldn12",-0.902456205540573,1.88205194772465e-07,0.00000311748329986697,-0.0612510944845086,0.0451225966516,0.427741595780546,14.7337155872181
"281","Nqo2",0.761474715524205,1.87015238229373e-09,4.90922271551102e-08,0.226526784618923,0.000158398828571672,0.0278645814292839,3.36152175913857
"282","Rab2a",-0.386860062569008,0.00598666458255697,0.0254852235785572,-0.144135706048409,0.0473568855154849,0.434131718024272,2.68399880345455
"283","Trim16",0.616431677649284,0.0000371709808978569,0.000339874857299527,0.458085175445762,0.00705507490947084,0.175341193969707,1.34567043574251
"284","Spata33",2.58357758930618,8.91140606688537e-08,0.00000159038712831674,0.105917361174632,0.0132807485796371,0.242532535091394,24.3923900732995
"285","Tmem252",1.06652713237131,0.000108217916829356,0.000856357345599017,0.174647800639728,0.0105812079550075,0.214230384423666,6.10673096634863
"286","Fkrp",-0.743030811827575,0.00000306789581917568,0.0000373614816247231,-0.0937763918018808,0.0051886122612852,0.149020385570611,7.92343144740906
"287","Lix1l",1.14621416409537,2.9903001837933e-13,1.48450814124256e-11,0.355387654137568,1.54575072115727e-07,0.000316415172620893,3.22525037308043
"288","Kmt5a",-0.329214498407811,0.0367650077184288,0.107381305637543,-0.174453678737994,0.0329657287576481,0.372635198010021,1.88711697448494
"289","Rps23",-0.423587156702888,0.0155631324918638,0.0549445959694977,-0.350369617986249,0.00569585655880167,0.157216763256909,1.20897228229279
"290","Kcnf1",-1.91655499267477,0.00000122147918052929,0.0000163689217877186,-0.0712257227075197,0.0195447253827433,0.291642532434215,26.908185972993
"291","Spats2",0.76516591163192,0.00000560825126498373,0.0000641339248656236,0.0667927278675107,0.041202273299483,0.409967450839938,11.4558266455249
"292","Plpp2",1.68757808744432,2.31123358184815e-07,0.00000373313986870957,0.188878051716967,0.00025257692912126,0.0326854868564563,8.9347495492655
"293","Cherp",-0.407050551894261,0.0263838733076029,0.0833021693900168,-0.170630357508934,0.00241246096375371,0.099855484413313,2.38556935493117
"294","Magi3",1.11039001729294,8.29874604821844e-07,0.0000116534554532345,0.154586324073226,0.00588036447781583,0.159144431426657,7.18297704502604
"295","Map1b",3.36680471162213,1.10200006652793e-127,1.86006591229249e-123,0.0723087598944785,0.00796981359371401,0.187128563805692,46.5615053630483
"296","Rnaseh2a",0.284000242834529,0.0176705806085405,0.0606839735689837,0.166194794566573,0.00450184546760186,0.138670389047867,1.70883957933331
"297","Zfp14",-1.26704761920203,0.024992822117496,0.0797756892059787,-0.3065872238758,0.00495810094979561,0.145556139617402,4.13274761806551
"298","Lifr",-0.305155997978131,0.0453430880676928,0.126047137063494,-0.0664445114921079,0.0465116995893311,0.432591466192882,4.59264416466327
"299","Pm20d2",-0.508806636232922,0.00204783435222629,0.0105769265701431,-0.116029959423142,0.0288938815533336,0.351677584289953,4.38513155363081
"300","Msra",0.427753032760032,0.000642946950220426,0.00398249599000755,0.0621902371854901,0.0419563542169422,0.413691561848657,6.87813798625989
"301","Retsat",0.563104533588514,0.000284186585980507,0.00198050593920932,1.2133502848897,0.0000172353753875249,0.00808489918664394,0.464090659227646
"302","Acbd4",-0.904481743994844,0.00000339937978200598,0.0000411903311848377,-0.354811264505196,0.00397749702568989,0.129849634957652,2.54919117423229
"303","Commd7",0.465463380740035,0.00111022840357253,0.00631386294605818,0.121269864980035,0.0244316599149825,0.325519341009267,3.83824440487887
"304","Pkn1",0.502955613923428,0.00067286654130988,0.00414047187414125,0.12922480392848,0.0188431309593892,0.287782242515005,3.89209810062309
"305","Usf2",-0.450946172336871,0.000904606299865884,0.00530721228204249,-0.389468387629744,0.000208266026401647,0.0309201205614915,1.15785051280098
"306","Tubb2a",0.900342467965177,0.00292634613041601,0.014202607821783,0.133322748767986,0.0192983569061171,0.28930832387153,6.75310459981583
"307","Gmfg",1.07909134795466,0.00876582102778766,0.0349370231707268,0.247456239864134,0.0423052849309892,0.415313721042119,4.36073605800823
"308","Trim54",-0.590660881018738,0.0000337130120918614,0.000311292084846022,-0.338460152189189,0.00141583900049412,0.0807099918332308,1.74514156895071
"309","Ifnlr1",1.81534954002438,0.00792047023564762,0.0322066049403749,0.0512827772930731,0.0461525664395767,0.430852959585385,35.398814881845
"310","Tubb3",2.36345506558498,0.00155862361288356,0.00839170907874372,0.0684518819332114,0.0287779481881869,0.351055261781608,34.5272474450156
"311","Arf2",-0.527094413075616,0.0340980059480957,0.101452536999455,-0.131002795914714,0.0279564035571013,0.345528903398023,4.02353560010098
"312","Mppe1",0.925417718749934,0.011699155814747,0.0439307954779528,0.164581381570043,0.0471086507694647,0.433613900870486,5.62285788296224
"313","Srpk2",0.543548419177539,0.00000897323615970919,0.0000973388516322181,0.0940574677777004,0.0422053243095234,0.414978447524927,5.77889700860527
"314","Rpl27",-0.357271596879525,0.0319347142965375,0.0965996492134868,-0.0819769635850403,0.0459397189373719,0.42957834356844,4.35819504962395
"315","Alg11",-0.373490515149209,0.004535825015111,0.0203440198007308,-0.164963360594008,0.000618240513586725,0.0529312610054459,2.26408163488138
"316","Pomgnt2",-0.448621194280744,0.0101945628139065,0.0393401979277383,-0.0733148802126635,0.0294328076028661,0.355737267200073,6.11910151089976
"317","Hes6",2.06604058567067,1.43925572294554e-23,2.50445333480389e-21,0.319064284730436,0.00016445652083196,0.0281097434300456,6.47531135431276
"318","Xpo5",-0.407837977939496,0.00387733253127775,0.0178959518171827,-0.0795788489525942,0.0421314064723239,0.414978447524927,5.12495447354923
"319","Zfp763",-1.21217347182825,0.00305573352383512,0.0146945088743057,-0.0819454581439452,0.0312371702682761,0.365187713921107,14.7924424279739
"320","Amn1",0.759536455109049,0.00364278029057698,0.0170087105185751,0.164097420220107,0.00573996233867458,0.157369891202889,4.62857035832903
"321","Csde1",-0.376601155141796,0.00320260743216593,0.015261984062377,-0.194768906105166,0.00914691298495267,0.200351205916517,1.93357945409648
"322","Selenbp1",0.50650830445321,0.0154500133233543,0.054579484069673,0.252994980702459,0.00754612555323133,0.181728458911347,2.00204882739908
"323","Sp140",0.477742919121254,0.0372127360947347,0.108332834174375,0.128815955046905,0.00754337550289325,0.181728458911347,3.70872473792005
"324","Cited4",-0.990182189655815,0.0228973752324507,0.0742954241731133,-0.272465807407152,0.0134238713050603,0.243997054130735,3.63415211280497
"325","Rasgrp3",-0.369045050224448,0.0217616482271502,0.0715033877268243,-0.233475885970754,0.0392744241766723,0.402388790296176,1.58065595806616
"326","Usmg5",0.386268684930353,0.0198605691414171,0.066552818451058,0.178192742948707,0.0168633628626293,0.271805541573245,2.16770154911157
"327","Rom1",0.560928260599097,0.00135097980287228,0.00745445835001018,0.164797489864956,0.00398481581719311,0.129849634957652,3.4037427454675
"328","Sms",-0.500143543479638,0.00075196269615959,0.00454923955142571,-0.204390252774026,0.00101833923452223,0.069592317348028,2.44700291081198
"329","Sod3",0.951193064900865,0.00022076723280977,0.00159449299212499,0.247991889224476,0.0442496299245888,0.425044523500659,3.83558134854914
"330","Alg6",-1.08802702514162,0.0000430341708354364,0.00038554870994232,-0.11214172451476,0.0449913153194419,0.427704296670971,9.70224980799559
"331","Kif5a",1.66184139588425,6.75615556496161e-08,0.00000124767122298673,0.168908140294632,0.0114784319500217,0.223825638791512,9.83872886756935
"332","Pdzd7",-0.745478134021646,0.041468414338564,0.117756622749095,-0.0712797849824307,0.0349198418037449,0.383556135558499,10.4584789952073
"333","Fign",0.589127926255087,0.0309424179472517,0.0942568259396609,0.0716636777960789,0.0350865275102195,0.384823838259919,8.22073251573089
"334","Casc3",-0.330807838519017,0.0082606379266188,0.0332809360682214,-0.0550197288105894,0.0219014172210826,0.30977023339643,6.01253124416251
"335","Zfp566",-0.820236678511741,0.0127288018119575,0.0468592030063315,-0.436296547285044,0.000211692645470378,0.0309201205614915,1.87999809674373
"336","Neu2",-1.33681703564164,5.28531564209774e-10,1.56236151879103e-08,-0.870036571590949,0.0000935337860294588,0.01953563236501,1.53650671626037
"337","Rpl36a",-0.744546597690439,6.37499765463994e-08,0.0000011916233157549,-0.0697133124365061,0.0485926173906547,0.438892886396058,10.6801207928337
"338","Ankrd39",0.528302380105767,0.00214750072864965,0.0110041483906732,0.296121074394603,0.0000352009977942965,0.0113231552476311,1.7840755886282
"339","Eid1",1.01005719401093,0.00000654465474966977,0.0000738417296254519,0.22399969075625,0.030122853160853,0.35927806279087,4.50919012700802
