age,animal.id,MouseID,Sex,Genotype,assay,experiment.date,Cohort,Mass,Diet,start.date,injection.days,diet.time,Mass.Change
64,16951,4086,M,+/+,Body Weight,2017-06-21,1,24.7,Control Diet,2017-06-21,0,-1,-0.3000000000000007
64,16951,4086,M,+/+,Total Fat Mass,2017-06-21,1,4.23,Control Diet,2017-06-21,0,-1,0.9800000000000004
64,16951,4086,M,+/+,Lean Mass,2017-06-21,1,18.84,Control Diet,2017-06-21,0,-1,-1
64,16952,4087,M,+/+,Body Weight,2017-06-21,1,22.4,Control Diet,2017-06-21,0,-1,-0.7000000000000028
64,16952,4087,M,+/+,Total Fat Mass,2017-06-21,1,3.54,Control Diet,2017-06-21,0,-1,0.7800000000000002
64,16952,4087,M,+/+,Lean Mass,2017-06-21,1,17.56,Control Diet,2017-06-21,0,-1,-1.0300000000000011
64,16953,4088,M,+/+,Body Weight,2017-06-21,1,23.1,Control Diet,2017-06-21,0,-1,-0.8999999999999986
64,16953,4088,M,+/+,Total Fat Mass,2017-06-21,1,2.18,Control Diet,2017-06-21,0,-1,0.20000000000000018
64,16953,4088,M,+/+,Lean Mass,2017-06-21,1,19.26,Control Diet,2017-06-21,0,-1,-0.8499999999999979
64,16954,4089,M,+/+,Body Weight,2017-06-21,1,23.5,Control Diet,2017-06-21,0,-1,-0.1999999999999993
64,16954,4089,M,+/+,Total Fat Mass,2017-06-21,1,3.96,Control Diet,2017-06-21,0,-1,0.5899999999999999
64,16954,4089,M,+/+,Lean Mass,2017-06-21,1,17.82,Control Diet,2017-06-21,0,-1,-0.8500000000000014
64,16955,4090,M,+/+,Body Weight,2017-06-21,1,24.7,Ketogenic Diet,2017-06-21,0,-1,0.09999999999999787
64,16955,4090,M,+/+,Total Fat Mass,2017-06-21,1,3.73,Ketogenic Diet,2017-06-21,0,-1,0.2200000000000002
64,16955,4090,M,+/+,Lean Mass,2017-06-21,1,19.11,Ketogenic Diet,2017-06-21,0,-1,-0.15000000000000213
64,16956,4091,M,+/+,Body Weight,2017-06-21,1,25.7,Ketogenic Diet,2017-06-21,0,-1,-0.5
64,16956,4091,M,+/+,Total Fat Mass,2017-06-21,1,4.42,Ketogenic Diet,2017-06-21,0,-1,0.22999999999999954
64,16956,4091,M,+/+,Lean Mass,2017-06-21,1,19.52,Ketogenic Diet,2017-06-21,0,-1,-0.6600000000000001
64,16957,4092,M,+/+,Body Weight,2017-06-21,1,22.4,Ketogenic Diet,2017-06-21,0,-1,-0.3000000000000007
64,16957,4092,M,+/+,Total Fat Mass,2017-06-21,1,3.22,Ketogenic Diet,2017-06-21,0,-1,0.2200000000000002
64,16957,4092,M,+/+,Lean Mass,2017-06-21,1,17.46,Ketogenic Diet,2017-06-21,0,-1,-0.7100000000000009
64,16958,4093,M,+/+,Body Weight,2017-06-21,1,21.4,Ketogenic Diet,2017-06-21,0,-1,-1
64,16958,4093,M,+/+,Total Fat Mass,2017-06-21,1,3.04,Ketogenic Diet,2017-06-21,0,-1,-0.020000000000000018
64,16958,4093,M,+/+,Lean Mass,2017-06-21,1,16.76,Ketogenic Diet,2017-06-21,0,-1,-0.8499999999999979
64,16959,4094,M,+/+,Body Weight,2017-06-21,1,26.7,Control Diet,2017-06-21,0,-1,0.1999999999999993
64,16959,4094,M,+/+,Total Fat Mass,2017-06-21,1,4.93,Control Diet,2017-06-21,0,-1,0.5800000000000001
64,16959,4094,M,+/+,Lean Mass,2017-06-21,1,20.16,Control Diet,2017-06-21,0,-1,-0.05999999999999872
64,16960,4095,M,+/+,Body Weight,2017-06-21,1,23.6,Control Diet,2017-06-21,0,-1,0.6000000000000014
64,16960,4095,M,+/+,Total Fat Mass,2017-06-21,1,3.29,Control Diet,2017-06-21,0,-1,0.43999999999999995
64,16960,4095,M,+/+,Lean Mass,2017-06-21,1,18.86,Control Diet,2017-06-21,0,-1,0.370000000000001
64,16961,4096,M,+/+,Body Weight,2017-06-21,1,25.3,Control Diet,2017-06-21,0,-1,1.5
64,16961,4096,M,+/+,Total Fat Mass,2017-06-21,1,2.86,Control Diet,2017-06-21,0,-1,0.8500000000000001
64,16961,4096,M,+/+,Lean Mass,2017-06-21,1,20.6,Control Diet,2017-06-21,0,-1,0.5800000000000018
64,16963,4097,M,+/+,Body Weight,2017-06-21,1,25.5,Control Diet,2017-06-21,0,-1,0.10000000000000142
64,16963,4097,M,+/+,Total Fat Mass,2017-06-21,1,3.27,Control Diet,2017-06-21,0,-1,0.7000000000000002
64,16963,4097,M,+/+,Lean Mass,2017-06-21,1,20.41,Control Diet,2017-06-21,0,-1,-0.6000000000000014
64,16964,4098,M,+/+,Body Weight,2017-06-21,1,23.3,Ketogenic Diet,2017-06-21,0,-1,-1.0999999999999979
64,16964,4098,M,+/+,Total Fat Mass,2017-06-21,1,4.26,Ketogenic Diet,2017-06-21,0,-1,0.22999999999999954
64,16964,4098,M,+/+,Lean Mass,2017-06-21,1,17.57,Ketogenic Diet,2017-06-21,0,-1,-1.1000000000000014
64,16965,4099,M,+/+,Body Weight,2017-06-21,1,23.8,Ketogenic Diet,2017-06-21,0,-1,-0.8999999999999986
64,16965,4099,M,+/+,Total Fat Mass,2017-06-21,1,3.11,Ketogenic Diet,2017-06-21,0,-1,0.5
64,16965,4099,M,+/+,Lean Mass,2017-06-21,1,18.99,Ketogenic Diet,2017-06-21,0,-1,-1.110000000000003
64,16966,4100,M,+/+,Body Weight,2017-06-21,1,23.4,Ketogenic Diet,2017-06-21,0,-1,-0.3000000000000007
64,16966,4100,M,+/+,Total Fat Mass,2017-06-21,1,2.95,Ketogenic Diet,2017-06-21,0,-1,0.4200000000000004
64,16966,4100,M,+/+,Lean Mass,2017-06-21,1,18.67,Ketogenic Diet,2017-06-21,0,-1,-0.4599999999999973
64,16967,4101,M,+/+,Body Weight,2017-06-21,1,20.7,Ketogenic Diet,2017-06-21,0,-1,-1.8000000000000007
64,16967,4101,M,+/+,Total Fat Mass,2017-06-21,1,2.91,Ketogenic Diet,2017-06-21,0,-1,0.48
64,16967,4101,M,+/+,Lean Mass,2017-06-21,1,16.45,Ketogenic Diet,2017-06-21,0,-1,-1.5899999999999999
64,16968,4102,F,+/+,Body Weight,2017-06-21,1,21.7,Ketogenic Diet,2017-06-21,0,-1,1.3999999999999986
64,16968,4102,F,+/+,Total Fat Mass,2017-06-21,1,4.4,Ketogenic Diet,2017-06-21,0,-1,1.2200000000000002
64,16968,4102,F,+/+,Lean Mass,2017-06-21,1,15.46,Ketogenic Diet,2017-06-21,0,-1,0.08000000000000007
64,16969,4103,F,+/+,Body Weight,2017-06-21,1,20.4,Ketogenic Diet,2017-06-21,0,-1,0.09999999999999787
64,16969,4103,F,+/+,Total Fat Mass,2017-06-21,1,3.02,Ketogenic Diet,2017-06-21,0,-1,0.79
64,16969,4103,F,+/+,Lean Mass,2017-06-21,1,15.56,Ketogenic Diet,2017-06-21,0,-1,-0.5800000000000001
64,16970,4104,F,+/+,Body Weight,2017-06-21,1,21.8,Ketogenic Diet,2017-06-21,0,-1,1.1999999999999993
64,16970,4104,F,+/+,Total Fat Mass,2017-06-21,1,3.03,Ketogenic Diet,2017-06-21,0,-1,0.9299999999999997
64,16970,4104,F,+/+,Lean Mass,2017-06-21,1,17.17,Ketogenic Diet,2017-06-21,0,-1,0.4700000000000024
64,16971,4105,F,+/+,Body Weight,2017-06-21,1,21.7,Ketogenic Diet,2017-06-21,0,-1,1.0999999999999979
64,16971,4105,F,+/+,Total Fat Mass,2017-06-21,1,3.9,Ketogenic Diet,2017-06-21,0,-1,1.0699999999999998
64,16971,4105,F,+/+,Lean Mass,2017-06-21,1,16.17,Ketogenic Diet,2017-06-21,0,-1,-0.8099999999999987
64,16972,4106,F,+/+,Body Weight,2017-06-21,1,21.1,Control Diet,2017-06-21,0,-1,1.4000000000000021
64,16972,4106,F,+/+,Total Fat Mass,2017-06-21,1,3.58,Control Diet,2017-06-21,0,-1,0.5800000000000001
64,16972,4106,F,+/+,Lean Mass,2017-06-21,1,14.61,Control Diet,2017-06-21,0,-1,-0.6100000000000012
64,16973,4107,F,+/+,Body Weight,2017-06-21,1,20.9,Control Diet,2017-06-21,0,-1,1.0999999999999979
64,16973,4107,F,+/+,Total Fat Mass,2017-06-21,1,3.93,Control Diet,2017-06-21,0,-1,0.94
64,16973,4107,F,+/+,Lean Mass,2017-06-21,1,15.37,Control Diet,2017-06-21,0,-1,0.2699999999999996
64,16974,4108,F,+/+,Body Weight,2017-06-21,1,19.8,Control Diet,2017-06-21,0,-1,0.8000000000000007
64,16974,4108,F,+/+,Total Fat Mass,2017-06-21,1,3.04,Control Diet,2017-06-21,0,-1,0.45999999999999996
64,16974,4108,F,+/+,Lean Mass,2017-06-21,1,15.17,Control Diet,2017-06-21,0,-1,0.25
64,16976,4109,F,+/+,Body Weight,2017-06-21,1,19.6,Control Diet,2017-06-21,0,-1,2
64,16976,4109,F,+/+,Total Fat Mass,2017-06-21,1,3.41,Control Diet,2017-06-21,0,-1,1.19
64,16976,4109,F,+/+,Lean Mass,2017-06-21,1,14.61,Control Diet,2017-06-21,0,-1,0.6399999999999988
64,16977,4110,F,+/+,Body Weight,2017-06-21,1,20.3,Ketogenic Diet,2017-06-21,0,-1,0.6999999999999993
64,16977,4110,F,+/+,Total Fat Mass,2017-06-21,1,3.36,Ketogenic Diet,2017-06-21,0,-1,0.4299999999999997
64,16977,4110,F,+/+,Lean Mass,2017-06-21,1,15.12,Ketogenic Diet,2017-06-21,0,-1,0.34999999999999964
64,16978,4111,F,+/+,Body Weight,2017-06-21,1,21.6,Ketogenic Diet,2017-06-21,0,-1,0.40000000000000213
64,16978,4111,F,+/+,Total Fat Mass,2017-06-21,1,4.15,Ketogenic Diet,2017-06-21,0,-1,1.0300000000000002
64,16978,4111,F,+/+,Lean Mass,2017-06-21,1,15.74,Ketogenic Diet,2017-06-21,0,-1,-0.3699999999999992
64,16979,4112,F,+/+,Body Weight,2017-06-21,1,21.9,Ketogenic Diet,2017-06-21,0,-1,1
64,16979,4112,F,+/+,Total Fat Mass,2017-06-21,1,4.14,Ketogenic Diet,2017-06-21,0,-1,0.9299999999999997
64,16979,4112,F,+/+,Lean Mass,2017-06-21,1,15.83,Ketogenic Diet,2017-06-21,0,-1,-0.20999999999999908
64,16980,4113,F,+/+,Body Weight,2017-06-21,1,21.4,Ketogenic Diet,2017-06-21,0,-1,1
64,16980,4113,F,+/+,Total Fat Mass,2017-06-21,1,4.32,Ketogenic Diet,2017-06-21,0,-1,1.3900000000000001
64,16980,4113,F,+/+,Lean Mass,2017-06-21,1,15.51,Ketogenic Diet,2017-06-21,0,-1,-0.02999999999999936
64,16981,4114,F,+/+,Body Weight,2017-06-21,1,22.9,Control Diet,2017-06-21,0,-1,0.09999999999999787
64,16981,4114,F,+/+,Total Fat Mass,2017-06-21,1,4.63,Control Diet,2017-06-21,0,-1,0.4299999999999997
64,16981,4114,F,+/+,Lean Mass,2017-06-21,1,16.74,Control Diet,2017-06-21,0,-1,0.00999999999999801
64,16982,4115,F,+/+,Body Weight,2017-06-21,1,21.8,Control Diet,2017-06-21,0,-1,1.6999999999999993
64,16982,4115,F,+/+,Total Fat Mass,2017-06-21,1,2.98,Control Diet,2017-06-21,0,-1,1.1
64,16982,4115,F,+/+,Lean Mass,2017-06-21,1,16.95,Control Diet,2017-06-21,0,-1,0.48999999999999844
64,16984,4116,F,+/+,Body Weight,2017-06-21,1,21.5,Control Diet,2017-06-21,0,-1,0.6999999999999993
64,16984,4116,F,+/+,Total Fat Mass,2017-06-21,1,4.31,Control Diet,2017-06-21,0,-1,1.1599999999999997
64,16984,4116,F,+/+,Lean Mass,2017-06-21,1,15.49,Control Diet,2017-06-21,0,-1,-0.41000000000000014
64,16985,4117,F,+/+,Body Weight,2017-06-21,1,20.4,Control Diet,2017-06-21,0,-1,1.5999999999999979
64,16985,4117,F,+/+,Total Fat Mass,2017-06-21,1,2.74,Control Diet,2017-06-21,0,-1,1.3800000000000001
64,16985,4117,F,+/+,Lean Mass,2017-06-21,1,15.98,Control Diet,2017-06-21,0,-1,0.33000000000000007
71,16951,4086,M,+/+,Body Weight,2017-06-28,1,25,Control Diet,2017-06-21,7,0,0
71,16951,4086,M,+/+,Total Fat Mass,2017-06-28,1,3.25,Control Diet,2017-06-21,7,0,0
71,16951,4086,M,+/+,Lean Mass,2017-06-28,1,19.84,Control Diet,2017-06-21,7,0,0
71,16952,4087,M,+/+,Body Weight,2017-06-28,1,23.1,Control Diet,2017-06-21,7,0,0
71,16952,4087,M,+/+,Total Fat Mass,2017-06-28,1,2.76,Control Diet,2017-06-21,7,0,0
71,16952,4087,M,+/+,Lean Mass,2017-06-28,1,18.59,Control Diet,2017-06-21,7,0,0
71,16953,4088,M,+/+,Body Weight,2017-06-28,1,24,Control Diet,2017-06-21,7,0,0
71,16953,4088,M,+/+,Total Fat Mass,2017-06-28,1,1.98,Control Diet,2017-06-21,7,0,0
71,16953,4088,M,+/+,Lean Mass,2017-06-28,1,20.11,Control Diet,2017-06-21,7,0,0
71,16954,4089,M,+/+,Body Weight,2017-06-28,1,23.7,Control Diet,2017-06-21,7,0,0
71,16954,4089,M,+/+,Total Fat Mass,2017-06-28,1,3.37,Control Diet,2017-06-21,7,0,0
71,16954,4089,M,+/+,Lean Mass,2017-06-28,1,18.67,Control Diet,2017-06-21,7,0,0
71,16955,4090,M,+/+,Body Weight,2017-06-28,1,24.6,Ketogenic Diet,2017-06-21,7,0,0
71,16955,4090,M,+/+,Total Fat Mass,2017-06-28,1,3.51,Ketogenic Diet,2017-06-21,7,0,0
71,16955,4090,M,+/+,Lean Mass,2017-06-28,1,19.26,Ketogenic Diet,2017-06-21,7,0,0
71,16956,4091,M,+/+,Body Weight,2017-06-28,1,26.2,Ketogenic Diet,2017-06-21,7,0,0
71,16956,4091,M,+/+,Total Fat Mass,2017-06-28,1,4.19,Ketogenic Diet,2017-06-21,7,0,0
71,16956,4091,M,+/+,Lean Mass,2017-06-28,1,20.18,Ketogenic Diet,2017-06-21,7,0,0
71,16957,4092,M,+/+,Body Weight,2017-06-28,1,22.7,Ketogenic Diet,2017-06-21,7,0,0
71,16957,4092,M,+/+,Total Fat Mass,2017-06-28,1,3,Ketogenic Diet,2017-06-21,7,0,0
71,16957,4092,M,+/+,Lean Mass,2017-06-28,1,18.17,Ketogenic Diet,2017-06-21,7,0,0
71,16958,4093,M,+/+,Body Weight,2017-06-28,1,22.4,Ketogenic Diet,2017-06-21,7,0,0
71,16958,4093,M,+/+,Total Fat Mass,2017-06-28,1,3.06,Ketogenic Diet,2017-06-21,7,0,0
71,16958,4093,M,+/+,Lean Mass,2017-06-28,1,17.61,Ketogenic Diet,2017-06-21,7,0,0
71,16959,4094,M,+/+,Body Weight,2017-06-28,1,26.5,Control Diet,2017-06-21,7,0,0
71,16959,4094,M,+/+,Total Fat Mass,2017-06-28,1,4.35,Control Diet,2017-06-21,7,0,0
71,16959,4094,M,+/+,Lean Mass,2017-06-28,1,20.22,Control Diet,2017-06-21,7,0,0
71,16960,4095,M,+/+,Body Weight,2017-06-28,1,23,Control Diet,2017-06-21,7,0,0
71,16960,4095,M,+/+,Total Fat Mass,2017-06-28,1,2.85,Control Diet,2017-06-21,7,0,0
71,16960,4095,M,+/+,Lean Mass,2017-06-28,1,18.49,Control Diet,2017-06-21,7,0,0
71,16961,4096,M,+/+,Body Weight,2017-06-28,1,23.8,Control Diet,2017-06-21,7,0,0
71,16961,4096,M,+/+,Total Fat Mass,2017-06-28,1,2.01,Control Diet,2017-06-21,7,0,0
71,16961,4096,M,+/+,Lean Mass,2017-06-28,1,20.02,Control Diet,2017-06-21,7,0,0
71,16963,4097,M,+/+,Body Weight,2017-06-28,1,25.4,Control Diet,2017-06-21,7,0,0
71,16963,4097,M,+/+,Total Fat Mass,2017-06-28,1,2.57,Control Diet,2017-06-21,7,0,0
71,16963,4097,M,+/+,Lean Mass,2017-06-28,1,21.01,Control Diet,2017-06-21,7,0,0
71,16964,4098,M,+/+,Body Weight,2017-06-28,1,24.4,Ketogenic Diet,2017-06-21,7,0,0
71,16964,4098,M,+/+,Total Fat Mass,2017-06-28,1,4.03,Ketogenic Diet,2017-06-21,7,0,0
71,16964,4098,M,+/+,Lean Mass,2017-06-28,1,18.67,Ketogenic Diet,2017-06-21,7,0,0
71,16965,4099,M,+/+,Body Weight,2017-06-28,1,24.7,Ketogenic Diet,2017-06-21,7,0,0
71,16965,4099,M,+/+,Total Fat Mass,2017-06-28,1,2.61,Ketogenic Diet,2017-06-21,7,0,0
71,16965,4099,M,+/+,Lean Mass,2017-06-28,1,20.1,Ketogenic Diet,2017-06-21,7,0,0
71,16966,4100,M,+/+,Body Weight,2017-06-28,1,23.7,Ketogenic Diet,2017-06-21,7,0,0
71,16966,4100,M,+/+,Total Fat Mass,2017-06-28,1,2.53,Ketogenic Diet,2017-06-21,7,0,0
71,16966,4100,M,+/+,Lean Mass,2017-06-28,1,19.13,Ketogenic Diet,2017-06-21,7,0,0
71,16967,4101,M,+/+,Body Weight,2017-06-28,1,22.5,Ketogenic Diet,2017-06-21,7,0,0
71,16967,4101,M,+/+,Total Fat Mass,2017-06-28,1,2.43,Ketogenic Diet,2017-06-21,7,0,0
71,16967,4101,M,+/+,Lean Mass,2017-06-28,1,18.04,Ketogenic Diet,2017-06-21,7,0,0
71,16968,4102,F,+/+,Body Weight,2017-06-28,1,20.3,Ketogenic Diet,2017-06-21,7,0,0
71,16968,4102,F,+/+,Total Fat Mass,2017-06-28,1,3.18,Ketogenic Diet,2017-06-21,7,0,0
71,16968,4102,F,+/+,Lean Mass,2017-06-28,1,15.38,Ketogenic Diet,2017-06-21,7,0,0
71,16969,4103,F,+/+,Body Weight,2017-06-28,1,20.3,Ketogenic Diet,2017-06-21,7,0,0
71,16969,4103,F,+/+,Total Fat Mass,2017-06-28,1,2.23,Ketogenic Diet,2017-06-21,7,0,0
71,16969,4103,F,+/+,Lean Mass,2017-06-28,1,16.14,Ketogenic Diet,2017-06-21,7,0,0
71,16970,4104,F,+/+,Body Weight,2017-06-28,1,20.6,Ketogenic Diet,2017-06-21,7,0,0
71,16970,4104,F,+/+,Total Fat Mass,2017-06-28,1,2.1,Ketogenic Diet,2017-06-21,7,0,0
71,16970,4104,F,+/+,Lean Mass,2017-06-28,1,16.7,Ketogenic Diet,2017-06-21,7,0,0
71,16971,4105,F,+/+,Body Weight,2017-06-28,1,20.6,Ketogenic Diet,2017-06-21,7,0,0
71,16971,4105,F,+/+,Total Fat Mass,2017-06-28,1,2.83,Ketogenic Diet,2017-06-21,7,0,0
71,16971,4105,F,+/+,Lean Mass,2017-06-28,1,16.98,Ketogenic Diet,2017-06-21,7,0,0
71,16972,4106,F,+/+,Body Weight,2017-06-28,1,19.7,Control Diet,2017-06-21,7,0,0
71,16972,4106,F,+/+,Total Fat Mass,2017-06-28,1,3,Control Diet,2017-06-21,7,0,0
71,16972,4106,F,+/+,Lean Mass,2017-06-28,1,15.22,Control Diet,2017-06-21,7,0,0
71,16973,4107,F,+/+,Body Weight,2017-06-28,1,19.8,Control Diet,2017-06-21,7,0,0
71,16973,4107,F,+/+,Total Fat Mass,2017-06-28,1,2.99,Control Diet,2017-06-21,7,0,0
71,16973,4107,F,+/+,Lean Mass,2017-06-28,1,15.1,Control Diet,2017-06-21,7,0,0
71,16974,4108,F,+/+,Body Weight,2017-06-28,1,19,Control Diet,2017-06-21,7,0,0
71,16974,4108,F,+/+,Total Fat Mass,2017-06-28,1,2.58,Control Diet,2017-06-21,7,0,0
71,16974,4108,F,+/+,Lean Mass,2017-06-28,1,14.92,Control Diet,2017-06-21,7,0,0
71,16976,4109,F,+/+,Body Weight,2017-06-28,1,17.6,Control Diet,2017-06-21,7,0,0
71,16976,4109,F,+/+,Total Fat Mass,2017-06-28,1,2.22,Control Diet,2017-06-21,7,0,0
71,16976,4109,F,+/+,Lean Mass,2017-06-28,1,13.97,Control Diet,2017-06-21,7,0,0
71,16977,4110,F,+/+,Body Weight,2017-06-28,1,19.6,Ketogenic Diet,2017-06-21,7,0,0
71,16977,4110,F,+/+,Total Fat Mass,2017-06-28,1,2.93,Ketogenic Diet,2017-06-21,7,0,0
71,16977,4110,F,+/+,Lean Mass,2017-06-28,1,14.77,Ketogenic Diet,2017-06-21,7,0,0
71,16978,4111,F,+/+,Body Weight,2017-06-28,1,21.2,Ketogenic Diet,2017-06-21,7,0,0
71,16978,4111,F,+/+,Total Fat Mass,2017-06-28,1,3.12,Ketogenic Diet,2017-06-21,7,0,0
71,16978,4111,F,+/+,Lean Mass,2017-06-28,1,16.11,Ketogenic Diet,2017-06-21,7,0,0
71,16979,4112,F,+/+,Body Weight,2017-06-28,1,20.9,Ketogenic Diet,2017-06-21,7,0,0
71,16979,4112,F,+/+,Total Fat Mass,2017-06-28,1,3.21,Ketogenic Diet,2017-06-21,7,0,0
71,16979,4112,F,+/+,Lean Mass,2017-06-28,1,16.04,Ketogenic Diet,2017-06-21,7,0,0
71,16980,4113,F,+/+,Body Weight,2017-06-28,1,20.4,Ketogenic Diet,2017-06-21,7,0,0
71,16980,4113,F,+/+,Total Fat Mass,2017-06-28,1,2.93,Ketogenic Diet,2017-06-21,7,0,0
71,16980,4113,F,+/+,Lean Mass,2017-06-28,1,15.54,Ketogenic Diet,2017-06-21,7,0,0
71,16981,4114,F,+/+,Body Weight,2017-06-28,1,22.8,Control Diet,2017-06-21,7,0,0
71,16981,4114,F,+/+,Total Fat Mass,2017-06-28,1,4.2,Control Diet,2017-06-21,7,0,0
71,16981,4114,F,+/+,Lean Mass,2017-06-28,1,16.73,Control Diet,2017-06-21,7,0,0
71,16982,4115,F,+/+,Body Weight,2017-06-28,1,20.1,Control Diet,2017-06-21,7,0,0
71,16982,4115,F,+/+,Total Fat Mass,2017-06-28,1,1.88,Control Diet,2017-06-21,7,0,0
71,16982,4115,F,+/+,Lean Mass,2017-06-28,1,16.46,Control Diet,2017-06-21,7,0,0
71,16984,4116,F,+/+,Body Weight,2017-06-28,1,20.8,Control Diet,2017-06-21,7,0,0
71,16984,4116,F,+/+,Total Fat Mass,2017-06-28,1,3.15,Control Diet,2017-06-21,7,0,0
71,16984,4116,F,+/+,Lean Mass,2017-06-28,1,15.9,Control Diet,2017-06-21,7,0,0
71,16985,4117,F,+/+,Body Weight,2017-06-28,1,18.8,Control Diet,2017-06-21,7,0,0
71,16985,4117,F,+/+,Total Fat Mass,2017-06-28,1,1.36,Control Diet,2017-06-21,7,0,0
71,16985,4117,F,+/+,Lean Mass,2017-06-28,1,15.65,Control Diet,2017-06-21,7,0,0
79,16951,4086,M,+/+,Body Weight,2017-07-06,1,26.9,Control Diet,2017-06-21,15,1,1.8999999999999986
79,16951,4086,M,+/+,Total Fat Mass,2017-07-06,1,4.66,Control Diet,2017-06-21,15,1,1.4100000000000001
79,16951,4086,M,+/+,Lean Mass,2017-07-06,1,19.8,Control Diet,2017-06-21,15,1,-0.03999999999999915
79,16952,4087,M,+/+,Body Weight,2017-07-06,1,25.1,Control Diet,2017-06-21,15,1,2
79,16952,4087,M,+/+,Total Fat Mass,2017-07-06,1,4.25,Control Diet,2017-06-21,15,1,1.4900000000000002
79,16952,4087,M,+/+,Lean Mass,2017-07-06,1,18.82,Control Diet,2017-06-21,15,1,0.23000000000000043
79,16953,4088,M,+/+,Body Weight,2017-07-06,1,24.6,Control Diet,2017-06-21,15,1,0.6000000000000014
79,16953,4088,M,+/+,Total Fat Mass,2017-07-06,1,3.56,Control Diet,2017-06-21,15,1,1.58
79,16953,4088,M,+/+,Lean Mass,2017-07-06,1,19.05,Control Diet,2017-06-21,15,1,-1.0599999999999987
79,16954,4089,M,+/+,Body Weight,2017-07-06,1,26.3,Control Diet,2017-06-21,15,1,2.6000000000000014
79,16954,4089,M,+/+,Total Fat Mass,2017-07-06,1,4.82,Control Diet,2017-06-21,15,1,1.4500000000000002
79,16954,4089,M,+/+,Lean Mass,2017-07-06,1,19.45,Control Diet,2017-06-21,15,1,0.7799999999999976
79,16955,4090,M,+/+,Body Weight,2017-07-06,1,24.7,Ketogenic Diet,2017-06-21,15,1,0.09999999999999787
79,16955,4090,M,+/+,Total Fat Mass,2017-07-06,1,4.3,Ketogenic Diet,2017-06-21,15,1,0.79
79,16955,4090,M,+/+,Lean Mass,2017-07-06,1,18.37,Ketogenic Diet,2017-06-21,15,1,-0.8900000000000006
79,16956,4091,M,+/+,Body Weight,2017-07-06,1,25.1,Ketogenic Diet,2017-06-21,15,1,-1.0999999999999979
79,16956,4091,M,+/+,Total Fat Mass,2017-07-06,1,3.69,Ketogenic Diet,2017-06-21,15,1,-0.5000000000000004
79,16956,4091,M,+/+,Lean Mass,2017-07-06,1,18.87,Ketogenic Diet,2017-06-21,15,1,-1.3099999999999987
79,16957,4092,M,+/+,Body Weight,2017-07-06,1,22.4,Ketogenic Diet,2017-06-21,15,1,-0.3000000000000007
79,16957,4092,M,+/+,Total Fat Mass,2017-07-06,1,3.49,Ketogenic Diet,2017-06-21,15,1,0.4900000000000002
79,16957,4092,M,+/+,Lean Mass,2017-07-06,1,17.04,Ketogenic Diet,2017-06-21,15,1,-1.1300000000000026
79,16958,4093,M,+/+,Body Weight,2017-07-06,1,21.8,Ketogenic Diet,2017-06-21,15,1,-0.5999999999999979
79,16958,4093,M,+/+,Total Fat Mass,2017-07-06,1,3.78,Ketogenic Diet,2017-06-21,15,1,0.7199999999999998
79,16958,4093,M,+/+,Lean Mass,2017-07-06,1,16.4,Ketogenic Diet,2017-06-21,15,1,-1.2100000000000009
79,16959,4094,M,+/+,Body Weight,2017-07-06,1,27.5,Control Diet,2017-06-21,15,1,1
79,16959,4094,M,+/+,Total Fat Mass,2017-07-06,1,5.51,Control Diet,2017-06-21,15,1,1.1600000000000001
79,16959,4094,M,+/+,Lean Mass,2017-07-06,1,19.73,Control Diet,2017-06-21,15,1,-0.48999999999999844
79,16960,4095,M,+/+,Body Weight,2017-07-06,1,23.7,Control Diet,2017-06-21,15,1,0.6999999999999993
79,16960,4095,M,+/+,Total Fat Mass,2017-07-06,1,3.48,Control Diet,2017-06-21,15,1,0.6299999999999999
79,16960,4095,M,+/+,Lean Mass,2017-07-06,1,18.27,Control Diet,2017-06-21,15,1,-0.21999999999999886
79,16961,4096,M,+/+,Body Weight,2017-07-06,1,26.4,Control Diet,2017-06-21,15,1,2.599999999999998
79,16961,4096,M,+/+,Total Fat Mass,2017-07-06,1,3.77,Control Diet,2017-06-21,15,1,1.7600000000000002
79,16961,4096,M,+/+,Lean Mass,2017-07-06,1,20.48,Control Diet,2017-06-21,15,1,0.46000000000000085
79,16963,4097,M,+/+,Body Weight,2017-07-06,1,27.6,Control Diet,2017-06-21,15,1,2.200000000000003
79,16963,4097,M,+/+,Total Fat Mass,2017-07-06,1,3.84,Control Diet,2017-06-21,15,1,1.27
79,16963,4097,M,+/+,Lean Mass,2017-07-06,1,21.5,Control Diet,2017-06-21,15,1,0.48999999999999844
79,16964,4098,M,+/+,Body Weight,2017-07-06,1,24.3,Ketogenic Diet,2017-06-21,15,1,-0.09999999999999787
79,16964,4098,M,+/+,Total Fat Mass,2017-07-06,1,4.74,Ketogenic Diet,2017-06-21,15,1,0.71
79,16964,4098,M,+/+,Lean Mass,2017-07-06,1,17.53,Ketogenic Diet,2017-06-21,15,1,-1.1400000000000006
79,16965,4099,M,+/+,Body Weight,2017-07-06,1,23.4,Ketogenic Diet,2017-06-21,15,1,-1.3000000000000007
79,16965,4099,M,+/+,Total Fat Mass,2017-07-06,1,3.11,Ketogenic Diet,2017-06-21,15,1,0.5
79,16965,4099,M,+/+,Lean Mass,2017-07-06,1,18.25,Ketogenic Diet,2017-06-21,15,1,-1.8500000000000014
79,16966,4100,M,+/+,Body Weight,2017-07-06,1,24.1,Ketogenic Diet,2017-06-21,15,1,0.40000000000000213
79,16966,4100,M,+/+,Total Fat Mass,2017-07-06,1,3.58,Ketogenic Diet,2017-06-21,15,1,1.0500000000000003
79,16966,4100,M,+/+,Lean Mass,2017-07-06,1,18.31,Ketogenic Diet,2017-06-21,15,1,-0.8200000000000003
79,16967,4101,M,+/+,Body Weight,2017-07-06,1,21.3,Ketogenic Diet,2017-06-21,15,1,-1.1999999999999993
79,16967,4101,M,+/+,Total Fat Mass,2017-07-06,1,3.25,Ketogenic Diet,2017-06-21,15,1,0.8199999999999998
79,16967,4101,M,+/+,Lean Mass,2017-07-06,1,16.28,Ketogenic Diet,2017-06-21,15,1,-1.759999999999998
79,16968,4102,F,+/+,Body Weight,2017-07-06,1,19.5,Ketogenic Diet,2017-06-21,15,1,-0.8000000000000007
79,16968,4102,F,+/+,Total Fat Mass,2017-07-06,1,3.33,Ketogenic Diet,2017-06-21,15,1,0.1499999999999999
79,16968,4102,F,+/+,Lean Mass,2017-07-06,1,14.48,Ketogenic Diet,2017-06-21,15,1,-0.9000000000000004
79,16969,4103,F,+/+,Body Weight,2017-07-06,1,19.2,Ketogenic Diet,2017-06-21,15,1,-1.1000000000000014
79,16969,4103,F,+/+,Total Fat Mass,2017-07-06,1,2.39,Ketogenic Diet,2017-06-21,15,1,0.16000000000000014
79,16969,4103,F,+/+,Lean Mass,2017-07-06,1,15.08,Ketogenic Diet,2017-06-21,15,1,-1.0600000000000005
79,16970,4104,F,+/+,Body Weight,2017-07-06,1,20,Ketogenic Diet,2017-06-21,15,1,-0.6000000000000014
79,16970,4104,F,+/+,Total Fat Mass,2017-07-06,1,2.34,Ketogenic Diet,2017-06-21,15,1,0.23999999999999977
79,16970,4104,F,+/+,Lean Mass,2017-07-06,1,15.78,Ketogenic Diet,2017-06-21,15,1,-0.9199999999999999
79,16971,4105,F,+/+,Body Weight,2017-07-06,1,18.5,Ketogenic Diet,2017-06-21,15,1,-2.1000000000000014
79,16971,4105,F,+/+,Total Fat Mass,2017-07-06,1,2.49,Ketogenic Diet,2017-06-21,15,1,-0.33999999999999986
79,16971,4105,F,+/+,Lean Mass,2017-07-06,1,14.21,Ketogenic Diet,2017-06-21,15,1,-2.7699999999999996
79,16972,4106,F,+/+,Body Weight,2017-07-06,1,21.3,Control Diet,2017-06-21,15,1,1.6000000000000014
79,16972,4106,F,+/+,Total Fat Mass,2017-07-06,1,3.76,Control Diet,2017-06-21,15,1,0.7599999999999998
79,16972,4106,F,+/+,Lean Mass,2017-07-06,1,15.64,Control Diet,2017-06-21,15,1,0.41999999999999993
79,16973,4107,F,+/+,Body Weight,2017-07-06,1,20.4,Control Diet,2017-06-21,15,1,0.5999999999999979
79,16973,4107,F,+/+,Total Fat Mass,2017-07-06,1,3.08,Control Diet,2017-06-21,15,1,0.08999999999999986
79,16973,4107,F,+/+,Lean Mass,2017-07-06,1,15.5,Control Diet,2017-06-21,15,1,0.40000000000000036
79,16974,4108,F,+/+,Body Weight,2017-07-06,1,20.3,Control Diet,2017-06-21,15,1,1.3000000000000007
79,16974,4108,F,+/+,Total Fat Mass,2017-07-06,1,2.64,Control Diet,2017-06-21,15,1,0.06000000000000005
79,16974,4108,F,+/+,Lean Mass,2017-07-06,1,15.73,Control Diet,2017-06-21,15,1,0.8100000000000005
79,16976,4109,F,+/+,Body Weight,2017-07-06,1,19.1,Control Diet,2017-06-21,15,1,1.5
79,16976,4109,F,+/+,Total Fat Mass,2017-07-06,1,2.72,Control Diet,2017-06-21,15,1,0.5
79,16976,4109,F,+/+,Lean Mass,2017-07-06,1,14.59,Control Diet,2017-06-21,15,1,0.6199999999999992
79,16977,4110,F,+/+,Body Weight,2017-07-06,1,18.2,Ketogenic Diet,2017-06-21,15,1,-1.4000000000000021
79,16977,4110,F,+/+,Total Fat Mass,2017-07-06,1,2.76,Ketogenic Diet,2017-06-21,15,1,-0.17000000000000037
79,16977,4110,F,+/+,Lean Mass,2017-07-06,1,13.7,Ketogenic Diet,2017-06-21,15,1,-1.0700000000000003
79,16978,4111,F,+/+,Body Weight,2017-07-06,1,17.7,Ketogenic Diet,2017-06-21,15,1,-3.5
79,16978,4111,F,+/+,Total Fat Mass,2017-07-06,1,2.28,Ketogenic Diet,2017-06-21,15,1,-0.8400000000000003
79,16978,4111,F,+/+,Lean Mass,2017-07-06,1,13.61,Ketogenic Diet,2017-06-21,15,1,-2.5
79,16979,4112,F,+/+,Body Weight,2017-07-06,1,19.8,Ketogenic Diet,2017-06-21,15,1,-1.0999999999999979
79,16979,4112,F,+/+,Total Fat Mass,2017-07-06,1,2.42,Ketogenic Diet,2017-06-21,15,1,-0.79
79,16979,4112,F,+/+,Lean Mass,2017-07-06,1,15.58,Ketogenic Diet,2017-06-21,15,1,-0.4599999999999991
79,16980,4113,F,+/+,Body Weight,2017-07-06,1,19.6,Ketogenic Diet,2017-06-21,15,1,-0.7999999999999972
79,16980,4113,F,+/+,Total Fat Mass,2017-07-06,1,3.22,Ketogenic Diet,2017-06-21,15,1,0.29000000000000004
79,16980,4113,F,+/+,Lean Mass,2017-07-06,1,14.2,Ketogenic Diet,2017-06-21,15,1,-1.3399999999999999
79,16981,4114,F,+/+,Body Weight,2017-07-06,1,22.9,Control Diet,2017-06-21,15,1,0.09999999999999787
79,16981,4114,F,+/+,Total Fat Mass,2017-07-06,1,3.92,Control Diet,2017-06-21,15,1,-0.28000000000000025
79,16981,4114,F,+/+,Lean Mass,2017-07-06,1,16.8,Control Diet,2017-06-21,15,1,0.07000000000000028
79,16982,4115,F,+/+,Body Weight,2017-07-06,1,20.1,Control Diet,2017-06-21,15,1,0
79,16982,4115,F,+/+,Total Fat Mass,2017-07-06,1,1.88,Control Diet,2017-06-21,15,1,0
79,16982,4115,F,+/+,Lean Mass,2017-07-06,1,16.39,Control Diet,2017-06-21,15,1,-0.07000000000000028
79,16984,4116,F,+/+,Body Weight,2017-07-06,1,19.4,Control Diet,2017-06-21,15,1,-1.4000000000000021
79,16984,4116,F,+/+,Total Fat Mass,2017-07-06,1,2.22,Control Diet,2017-06-21,15,1,-0.9299999999999997
79,16984,4116,F,+/+,Lean Mass,2017-07-06,1,15.26,Control Diet,2017-06-21,15,1,-0.6400000000000006
79,16985,4117,F,+/+,Body Weight,2017-07-06,1,19.3,Control Diet,2017-06-21,15,1,0.5
79,16985,4117,F,+/+,Total Fat Mass,2017-07-06,1,1.91,Control Diet,2017-06-21,15,1,0.5499999999999998
79,16985,4117,F,+/+,Lean Mass,2017-07-06,1,15.45,Control Diet,2017-06-21,15,1,-0.20000000000000107
86,16951,4086,M,+/+,Body Weight,2017-07-13,1,27.9,Control Diet,2017-06-21,22,2,2.8999999999999986
86,16951,4086,M,+/+,Total Fat Mass,2017-07-13,1,5.48,Control Diet,2017-06-21,22,2,2.2300000000000004
86,16951,4086,M,+/+,Lean Mass,2017-07-13,1,20.34,Control Diet,2017-06-21,22,2,0.5
86,16952,4087,M,+/+,Body Weight,2017-07-13,1,26,Control Diet,2017-06-21,22,2,2.8999999999999986
86,16952,4087,M,+/+,Total Fat Mass,2017-07-13,1,5,Control Diet,2017-06-21,22,2,2.24
86,16952,4087,M,+/+,Lean Mass,2017-07-13,1,19.23,Control Diet,2017-06-21,22,2,0.6400000000000006
86,16953,4088,M,+/+,Body Weight,2017-07-13,1,25.7,Control Diet,2017-06-21,22,2,1.6999999999999993
86,16953,4088,M,+/+,Total Fat Mass,2017-07-13,1,4.28,Control Diet,2017-06-21,22,2,2.3000000000000003
86,16953,4088,M,+/+,Lean Mass,2017-07-13,1,19.49,Control Diet,2017-06-21,22,2,-0.620000000000001
86,16954,4089,M,+/+,Body Weight,2017-07-13,1,28.1,Control Diet,2017-06-21,22,2,4.400000000000002
86,16954,4089,M,+/+,Total Fat Mass,2017-07-13,1,5.92,Control Diet,2017-06-21,22,2,2.55
86,16954,4089,M,+/+,Lean Mass,2017-07-13,1,20.15,Control Diet,2017-06-21,22,2,1.4799999999999969
86,16955,4090,M,+/+,Body Weight,2017-07-13,1,24.4,Ketogenic Diet,2017-06-21,22,2,-0.20000000000000284
86,16955,4090,M,+/+,Total Fat Mass,2017-07-13,1,3.8,Ketogenic Diet,2017-06-21,22,2,0.29000000000000004
86,16955,4090,M,+/+,Lean Mass,2017-07-13,1,18.73,Ketogenic Diet,2017-06-21,22,2,-0.5300000000000011
86,16956,4091,M,+/+,Body Weight,2017-07-13,1,24.6,Ketogenic Diet,2017-06-21,22,2,-1.5999999999999979
86,16956,4091,M,+/+,Total Fat Mass,2017-07-13,1,3.08,Ketogenic Diet,2017-06-21,22,2,-1.1100000000000003
86,16956,4091,M,+/+,Lean Mass,2017-07-13,1,19.53,Ketogenic Diet,2017-06-21,22,2,-0.6499999999999986
86,16957,4092,M,+/+,Body Weight,2017-07-13,1,21.8,Ketogenic Diet,2017-06-21,22,2,-0.8999999999999986
86,16957,4092,M,+/+,Total Fat Mass,2017-07-13,1,3.02,Ketogenic Diet,2017-06-21,22,2,0.020000000000000018
86,16957,4092,M,+/+,Lean Mass,2017-07-13,1,17.2,Ketogenic Diet,2017-06-21,22,2,-0.9700000000000024
86,16958,4093,M,+/+,Body Weight,2017-07-13,1,21.2,Ketogenic Diet,2017-06-21,22,2,-1.1999999999999993
86,16958,4093,M,+/+,Total Fat Mass,2017-07-13,1,3.25,Ketogenic Diet,2017-06-21,22,2,0.18999999999999995
86,16958,4093,M,+/+,Lean Mass,2017-07-13,1,16.23,Ketogenic Diet,2017-06-21,22,2,-1.379999999999999
86,16959,4094,M,+/+,Body Weight,2017-07-13,1,28.5,Control Diet,2017-06-21,22,2,2
86,16959,4094,M,+/+,Total Fat Mass,2017-07-13,1,6.3,Control Diet,2017-06-21,22,2,1.9500000000000002
86,16959,4094,M,+/+,Lean Mass,2017-07-13,1,20.21,Control Diet,2017-06-21,22,2,-0.00999999999999801
86,16960,4095,M,+/+,Body Weight,2017-07-13,1,24.6,Control Diet,2017-06-21,22,2,1.6000000000000014
86,16960,4095,M,+/+,Total Fat Mass,2017-07-13,1,3.88,Control Diet,2017-06-21,22,2,1.0299999999999998
86,16960,4095,M,+/+,Lean Mass,2017-07-13,1,18.77,Control Diet,2017-06-21,22,2,0.28000000000000114
86,16961,4096,M,+/+,Body Weight,2017-07-13,1,27.4,Control Diet,2017-06-21,22,2,3.599999999999998
86,16961,4096,M,+/+,Total Fat Mass,2017-07-13,1,4.66,Control Diet,2017-06-21,22,2,2.6500000000000004
86,16961,4096,M,+/+,Lean Mass,2017-07-13,1,20.81,Control Diet,2017-06-21,22,2,0.7899999999999991
86,16963,4097,M,+/+,Body Weight,2017-07-13,1,25.9,Control Diet,2017-06-21,22,2,0.5
86,16963,4097,M,+/+,Total Fat Mass,2017-07-13,1,3.56,Control Diet,2017-06-21,22,2,0.9900000000000002
86,16963,4097,M,+/+,Lean Mass,2017-07-13,1,20.36,Control Diet,2017-06-21,22,2,-0.6500000000000021
86,16964,4098,M,+/+,Body Weight,2017-07-13,1,21.9,Ketogenic Diet,2017-06-21,22,2,-2.5
86,16964,4098,M,+/+,Total Fat Mass,2017-07-13,1,2.81,Ketogenic Diet,2017-06-21,22,2,-1.2200000000000002
86,16964,4098,M,+/+,Lean Mass,2017-07-13,1,17.33,Ketogenic Diet,2017-06-21,22,2,-1.3400000000000034
86,16965,4099,M,+/+,Body Weight,2017-07-13,1,16.4,Ketogenic Diet,2017-06-21,22,2,-8.3
86,16965,4099,M,+/+,Total Fat Mass,2017-07-13,1,0.25,Ketogenic Diet,2017-06-21,22,2,-2.36
86,16965,4099,M,+/+,Lean Mass,2017-07-13,1,14.55,Ketogenic Diet,2017-06-21,22,2,-5.550000000000001
86,16966,4100,M,+/+,Body Weight,2017-07-13,1,22.6,Ketogenic Diet,2017-06-21,22,2,-1.0999999999999979
86,16966,4100,M,+/+,Total Fat Mass,2017-07-13,1,2.63,Ketogenic Diet,2017-06-21,22,2,0.10000000000000009
86,16966,4100,M,+/+,Lean Mass,2017-07-13,1,18.26,Ketogenic Diet,2017-06-21,22,2,-0.8699999999999974
86,16967,4101,M,+/+,Body Weight,2017-07-13,1,21.3,Ketogenic Diet,2017-06-21,22,2,-1.1999999999999993
86,16967,4101,M,+/+,Total Fat Mass,2017-07-13,1,4.09,Ketogenic Diet,2017-06-21,22,2,1.6599999999999997
86,16967,4101,M,+/+,Lean Mass,2017-07-13,1,15.66,Ketogenic Diet,2017-06-21,22,2,-2.379999999999999
86,16968,4102,F,+/+,Body Weight,2017-07-13,1,19.2,Ketogenic Diet,2017-06-21,22,2,-1.1000000000000014
86,16968,4102,F,+/+,Total Fat Mass,2017-07-13,1,2.84,Ketogenic Diet,2017-06-21,22,2,-0.3400000000000003
86,16968,4102,F,+/+,Lean Mass,2017-07-13,1,14.47,Ketogenic Diet,2017-06-21,22,2,-0.9100000000000001
86,16969,4103,F,+/+,Body Weight,2017-07-13,1,18.9,Ketogenic Diet,2017-06-21,22,2,-1.4000000000000021
86,16969,4103,F,+/+,Total Fat Mass,2017-07-13,1,2.12,Ketogenic Diet,2017-06-21,22,2,-0.10999999999999988
86,16969,4103,F,+/+,Lean Mass,2017-07-13,1,15.24,Ketogenic Diet,2017-06-21,22,2,-0.9000000000000004
86,16970,4104,F,+/+,Body Weight,2017-07-13,1,20.7,Ketogenic Diet,2017-06-21,22,2,0.09999999999999787
86,16970,4104,F,+/+,Total Fat Mass,2017-07-13,1,2.52,Ketogenic Diet,2017-06-21,22,2,0.41999999999999993
86,16970,4104,F,+/+,Lean Mass,2017-07-13,1,16.17,Ketogenic Diet,2017-06-21,22,2,-0.5299999999999976
86,16971,4105,F,+/+,Body Weight,2017-07-13,1,18.5,Ketogenic Diet,2017-06-21,22,2,-2.1000000000000014
86,16971,4105,F,+/+,Total Fat Mass,2017-07-13,1,2.22,Ketogenic Diet,2017-06-21,22,2,-0.6099999999999999
86,16971,4105,F,+/+,Lean Mass,2017-07-13,1,14.51,Ketogenic Diet,2017-06-21,22,2,-2.4700000000000006
86,16972,4106,F,+/+,Body Weight,2017-07-13,1,21.4,Control Diet,2017-06-21,22,2,1.6999999999999993
86,16972,4106,F,+/+,Total Fat Mass,2017-07-13,1,3.96,Control Diet,2017-06-21,22,2,0.96
86,16972,4106,F,+/+,Lean Mass,2017-07-13,1,15.74,Control Diet,2017-06-21,22,2,0.5199999999999996
86,16973,4107,F,+/+,Body Weight,2017-07-13,1,22,Control Diet,2017-06-21,22,2,2.1999999999999993
86,16973,4107,F,+/+,Total Fat Mass,2017-07-13,1,3.61,Control Diet,2017-06-21,22,2,0.6199999999999997
86,16973,4107,F,+/+,Lean Mass,2017-07-13,1,16.42,Control Diet,2017-06-21,22,2,1.320000000000002
86,16974,4108,F,+/+,Body Weight,2017-07-13,1,20.6,Control Diet,2017-06-21,22,2,1.6000000000000014
86,16974,4108,F,+/+,Total Fat Mass,2017-07-13,1,2.47,Control Diet,2017-06-21,22,2,-0.10999999999999988
86,16974,4108,F,+/+,Lean Mass,2017-07-13,1,16.47,Control Diet,2017-06-21,22,2,1.549999999999999
86,16976,4109,F,+/+,Body Weight,2017-07-13,1,19.8,Control Diet,2017-06-21,22,2,2.1999999999999993
86,16976,4109,F,+/+,Total Fat Mass,2017-07-13,1,2.88,Control Diet,2017-06-21,22,2,0.6599999999999997
86,16976,4109,F,+/+,Lean Mass,2017-07-13,1,15.23,Control Diet,2017-06-21,22,2,1.2599999999999998
86,16977,4110,F,+/+,Body Weight,2017-07-13,1,18.6,Ketogenic Diet,2017-06-21,22,2,-1
86,16977,4110,F,+/+,Total Fat Mass,2017-07-13,1,2.69,Ketogenic Diet,2017-06-21,22,2,-0.2400000000000002
86,16977,4110,F,+/+,Lean Mass,2017-07-13,1,14.27,Ketogenic Diet,2017-06-21,22,2,-0.5
86,16978,4111,F,+/+,Body Weight,2017-07-13,1,18.8,Ketogenic Diet,2017-06-21,22,2,-2.3999999999999986
86,16978,4111,F,+/+,Total Fat Mass,2017-07-13,1,2.06,Ketogenic Diet,2017-06-21,22,2,-1.06
86,16978,4111,F,+/+,Lean Mass,2017-07-13,1,14.84,Ketogenic Diet,2017-06-21,22,2,-1.2699999999999996
86,16979,4112,F,+/+,Body Weight,2017-07-13,1,19.5,Ketogenic Diet,2017-06-21,22,2,-1.3999999999999986
86,16979,4112,F,+/+,Total Fat Mass,2017-07-13,1,2.24,Ketogenic Diet,2017-06-21,22,2,-0.9699999999999998
86,16979,4112,F,+/+,Lean Mass,2017-07-13,1,15.23,Ketogenic Diet,2017-06-21,22,2,-0.8099999999999987
86,16980,4113,F,+/+,Body Weight,2017-07-13,1,19.7,Ketogenic Diet,2017-06-21,22,2,-0.6999999999999993
86,16980,4113,F,+/+,Total Fat Mass,2017-07-13,1,2.91,Ketogenic Diet,2017-06-21,22,2,-0.020000000000000018
86,16980,4113,F,+/+,Lean Mass,2017-07-13,1,15.19,Ketogenic Diet,2017-06-21,22,2,-0.34999999999999964
86,16981,4114,F,+/+,Body Weight,2017-07-13,1,23.9,Control Diet,2017-06-21,22,2,1.0999999999999979
86,16981,4114,F,+/+,Total Fat Mass,2017-07-13,1,4.31,Control Diet,2017-06-21,22,2,0.10999999999999943
86,16981,4114,F,+/+,Lean Mass,2017-07-13,1,17.6,Control Diet,2017-06-21,22,2,0.870000000000001
86,16982,4115,F,+/+,Body Weight,2017-07-13,1,20.3,Control Diet,2017-06-21,22,2,0.1999999999999993
86,16982,4115,F,+/+,Total Fat Mass,2017-07-13,1,2.15,Control Diet,2017-06-21,22,2,0.27
86,16982,4115,F,+/+,Lean Mass,2017-07-13,1,16.25,Control Diet,2017-06-21,22,2,-0.21000000000000085
86,16984,4116,F,+/+,Body Weight,2017-07-13,1,21,Control Diet,2017-06-21,22,2,0.1999999999999993
86,16984,4116,F,+/+,Total Fat Mass,2017-07-13,1,2.88,Control Diet,2017-06-21,22,2,-0.27
86,16984,4116,F,+/+,Lean Mass,2017-07-13,1,16.26,Control Diet,2017-06-21,22,2,0.3600000000000012
86,16985,4117,F,+/+,Body Weight,2017-07-13,1,20.2,Control Diet,2017-06-21,22,2,1.3999999999999986
86,16985,4117,F,+/+,Total Fat Mass,2017-07-13,1,2.56,Control Diet,2017-06-21,22,2,1.2
86,16985,4117,F,+/+,Lean Mass,2017-07-13,1,15.86,Control Diet,2017-06-21,22,2,0.20999999999999908
93,16951,4086,M,+/+,Body Weight,2017-07-20,1,29,Control Diet,2017-06-21,29,3,4
93,16951,4086,M,+/+,Total Fat Mass,2017-07-20,1,6.03,Control Diet,2017-06-21,29,3,2.7800000000000002
93,16951,4086,M,+/+,Lean Mass,2017-07-20,1,20.58,Control Diet,2017-06-21,29,3,0.7399999999999984
93,16952,4087,M,+/+,Body Weight,2017-07-20,1,27.2,Control Diet,2017-06-21,29,3,4.099999999999998
93,16952,4087,M,+/+,Total Fat Mass,2017-07-20,1,5.15,Control Diet,2017-06-21,29,3,2.3900000000000006
93,16952,4087,M,+/+,Lean Mass,2017-07-20,1,20.11,Control Diet,2017-06-21,29,3,1.5199999999999996
93,16953,4088,M,+/+,Body Weight,2017-07-20,1,25.7,Control Diet,2017-06-21,29,3,1.6999999999999993
93,16953,4088,M,+/+,Total Fat Mass,2017-07-20,1,4.68,Control Diet,2017-06-21,29,3,2.6999999999999997
93,16953,4088,M,+/+,Lean Mass,2017-07-20,1,18.99,Control Diet,2017-06-21,29,3,-1.120000000000001
93,16954,4089,M,+/+,Body Weight,2017-07-20,1,29,Control Diet,2017-06-21,29,3,5.300000000000001
93,16954,4089,M,+/+,Total Fat Mass,2017-07-20,1,6.8,Control Diet,2017-06-21,29,3,3.4299999999999997
93,16954,4089,M,+/+,Lean Mass,2017-07-20,1,20.15,Control Diet,2017-06-21,29,3,1.4799999999999969
93,16955,4090,M,+/+,Body Weight,2017-07-20,1,24.2,Ketogenic Diet,2017-06-21,29,3,-0.40000000000000213
93,16955,4090,M,+/+,Total Fat Mass,2017-07-20,1,3.25,Ketogenic Diet,2017-06-21,29,3,-0.2599999999999998
93,16955,4090,M,+/+,Lean Mass,2017-07-20,1,19.11,Ketogenic Diet,2017-06-21,29,3,-0.15000000000000213
93,16956,4091,M,+/+,Body Weight,2017-07-20,1,25.8,Ketogenic Diet,2017-06-21,29,3,-0.3999999999999986
93,16956,4091,M,+/+,Total Fat Mass,2017-07-20,1,3.34,Ketogenic Diet,2017-06-21,29,3,-0.8500000000000005
93,16956,4091,M,+/+,Lean Mass,2017-07-20,1,20.49,Ketogenic Diet,2017-06-21,29,3,0.3099999999999987
93,16957,4092,M,+/+,Body Weight,2017-07-20,1,22.4,Ketogenic Diet,2017-06-21,29,3,-0.3000000000000007
93,16957,4092,M,+/+,Total Fat Mass,2017-07-20,1,2.69,Ketogenic Diet,2017-06-21,29,3,-0.31000000000000005
93,16957,4092,M,+/+,Lean Mass,2017-07-20,1,18.05,Ketogenic Diet,2017-06-21,29,3,-0.120000000000001
93,16958,4093,M,+/+,Body Weight,2017-07-20,1,22.1,Ketogenic Diet,2017-06-21,29,3,-0.29999999999999716
93,16958,4093,M,+/+,Total Fat Mass,2017-07-20,1,3.42,Ketogenic Diet,2017-06-21,29,3,0.3599999999999999
93,16958,4093,M,+/+,Lean Mass,2017-07-20,1,16.96,Ketogenic Diet,2017-06-21,29,3,-0.6499999999999986
93,16959,4094,M,+/+,Body Weight,2017-07-20,1,28.7,Control Diet,2017-06-21,29,3,2.1999999999999993
93,16959,4094,M,+/+,Total Fat Mass,2017-07-20,1,6.52,Control Diet,2017-06-21,29,3,2.17
93,16959,4094,M,+/+,Lean Mass,2017-07-20,1,19.88,Control Diet,2017-06-21,29,3,-0.33999999999999986
93,16960,4095,M,+/+,Body Weight,2017-07-20,1,25.4,Control Diet,2017-06-21,29,3,2.3999999999999986
93,16960,4095,M,+/+,Total Fat Mass,2017-07-20,1,4.37,Control Diet,2017-06-21,29,3,1.52
93,16960,4095,M,+/+,Lean Mass,2017-07-20,1,19.17,Control Diet,2017-06-21,29,3,0.6800000000000033
93,16961,4096,M,+/+,Body Weight,2017-07-20,1,27.8,Control Diet,2017-06-21,29,3,4
93,16961,4096,M,+/+,Total Fat Mass,2017-07-20,1,5.05,Control Diet,2017-06-21,29,3,3.04
93,16961,4096,M,+/+,Lean Mass,2017-07-20,1,20.79,Control Diet,2017-06-21,29,3,0.7699999999999996
93,16963,4097,M,+/+,Body Weight,2017-07-20,1,26.6,Control Diet,2017-06-21,29,3,1.2000000000000028
93,16963,4097,M,+/+,Total Fat Mass,2017-07-20,1,3.84,Control Diet,2017-06-21,29,3,1.27
93,16963,4097,M,+/+,Lean Mass,2017-07-20,1,20.49,Control Diet,2017-06-21,29,3,-0.5200000000000031
93,16964,4098,M,+/+,Body Weight,2017-07-20,1,21.6,Ketogenic Diet,2017-06-21,29,3,-2.799999999999997
93,16964,4098,M,+/+,Total Fat Mass,2017-07-20,1,1.61,Ketogenic Diet,2017-06-21,29,3,-2.42
93,16964,4098,M,+/+,Lean Mass,2017-07-20,1,18.25,Ketogenic Diet,2017-06-21,29,3,-0.4200000000000017
93,16966,4100,M,+/+,Body Weight,2017-07-20,1,23.9,Ketogenic Diet,2017-06-21,29,3,0.1999999999999993
93,16966,4100,M,+/+,Total Fat Mass,2017-07-20,1,3.55,Ketogenic Diet,2017-06-21,29,3,1.02
93,16966,4100,M,+/+,Lean Mass,2017-07-20,1,18.72,Ketogenic Diet,2017-06-21,29,3,-0.41000000000000014
93,16968,4102,F,+/+,Body Weight,2017-07-20,1,20.8,Ketogenic Diet,2017-06-21,29,3,0.5
93,16968,4102,F,+/+,Total Fat Mass,2017-07-20,1,3.96,Ketogenic Diet,2017-06-21,29,3,0.7799999999999998
93,16968,4102,F,+/+,Lean Mass,2017-07-20,1,15.16,Ketogenic Diet,2017-06-21,29,3,-0.22000000000000064
93,16969,4103,F,+/+,Body Weight,2017-07-20,1,21.5,Ketogenic Diet,2017-06-21,29,3,1.1999999999999993
93,16969,4103,F,+/+,Total Fat Mass,2017-07-20,1,2.99,Ketogenic Diet,2017-06-21,29,3,0.7600000000000002
93,16969,4103,F,+/+,Lean Mass,2017-07-20,1,16.85,Ketogenic Diet,2017-06-21,29,3,0.7100000000000009
93,16970,4104,F,+/+,Body Weight,2017-07-20,1,21.2,Ketogenic Diet,2017-06-21,29,3,0.5999999999999979
93,16970,4104,F,+/+,Total Fat Mass,2017-07-20,1,2.94,Ketogenic Diet,2017-06-21,29,3,0.8399999999999999
93,16970,4104,F,+/+,Lean Mass,2017-07-20,1,16.42,Ketogenic Diet,2017-06-21,29,3,-0.2799999999999976
93,16971,4105,F,+/+,Body Weight,2017-07-20,1,19.4,Ketogenic Diet,2017-06-21,29,3,-1.2000000000000028
93,16971,4105,F,+/+,Total Fat Mass,2017-07-20,1,2.4,Ketogenic Diet,2017-06-21,29,3,-0.43000000000000016
93,16971,4105,F,+/+,Lean Mass,2017-07-20,1,15.27,Ketogenic Diet,2017-06-21,29,3,-1.7100000000000009
93,16972,4106,F,+/+,Body Weight,2017-07-20,1,22.9,Control Diet,2017-06-21,29,3,3.1999999999999993
93,16972,4106,F,+/+,Total Fat Mass,2017-07-20,1,5.11,Control Diet,2017-06-21,29,3,2.1100000000000003
93,16972,4106,F,+/+,Lean Mass,2017-07-20,1,15.99,Control Diet,2017-06-21,29,3,0.7699999999999996
93,16973,4107,F,+/+,Body Weight,2017-07-20,1,21.6,Control Diet,2017-06-21,29,3,1.8000000000000007
93,16973,4107,F,+/+,Total Fat Mass,2017-07-20,1,3.64,Control Diet,2017-06-21,29,3,0.6499999999999999
93,16973,4107,F,+/+,Lean Mass,2017-07-20,1,16.16,Control Diet,2017-06-21,29,3,1.0600000000000005
93,16974,4108,F,+/+,Body Weight,2017-07-20,1,20,Control Diet,2017-06-21,29,3,1
93,16974,4108,F,+/+,Total Fat Mass,2017-07-20,1,2.64,Control Diet,2017-06-21,29,3,0.06000000000000005
93,16974,4108,F,+/+,Lean Mass,2017-07-20,1,15.63,Control Diet,2017-06-21,29,3,0.7100000000000009
93,16976,4109,F,+/+,Body Weight,2017-07-20,1,20.8,Control Diet,2017-06-21,29,3,3.1999999999999993
93,16976,4109,F,+/+,Total Fat Mass,2017-07-20,1,3.79,Control Diet,2017-06-21,29,3,1.5699999999999998
93,16976,4109,F,+/+,Lean Mass,2017-07-20,1,15.44,Control Diet,2017-06-21,29,3,1.4699999999999989
93,16977,4110,F,+/+,Body Weight,2017-07-20,1,19.6,Ketogenic Diet,2017-06-21,29,3,0
93,16977,4110,F,+/+,Total Fat Mass,2017-07-20,1,2.42,Ketogenic Diet,2017-06-21,29,3,-0.5100000000000002
93,16977,4110,F,+/+,Lean Mass,2017-07-20,1,14.97,Ketogenic Diet,2017-06-21,29,3,0.20000000000000107
93,16978,4111,F,+/+,Body Weight,2017-07-20,1,20.5,Ketogenic Diet,2017-06-21,29,3,-0.6999999999999993
93,16978,4111,F,+/+,Total Fat Mass,2017-07-20,1,2.68,Ketogenic Diet,2017-06-21,29,3,-0.43999999999999995
93,16978,4111,F,+/+,Lean Mass,2017-07-20,1,15.88,Ketogenic Diet,2017-06-21,29,3,-0.22999999999999865
93,16979,4112,F,+/+,Body Weight,2017-07-20,1,20.3,Ketogenic Diet,2017-06-21,29,3,-0.5999999999999979
93,16979,4112,F,+/+,Total Fat Mass,2017-07-20,1,2.75,Ketogenic Diet,2017-06-21,29,3,-0.45999999999999996
93,16979,4112,F,+/+,Lean Mass,2017-07-20,1,15.8,Ketogenic Diet,2017-06-21,29,3,-0.23999999999999844
93,16980,4113,F,+/+,Body Weight,2017-07-20,1,20.9,Ketogenic Diet,2017-06-21,29,3,0.5
93,16980,4113,F,+/+,Total Fat Mass,2017-07-20,1,3.37,Ketogenic Diet,2017-06-21,29,3,0.43999999999999995
93,16980,4113,F,+/+,Lean Mass,2017-07-20,1,15.71,Ketogenic Diet,2017-06-21,29,3,0.1700000000000017
93,16981,4114,F,+/+,Body Weight,2017-07-20,1,23.6,Control Diet,2017-06-21,29,3,0.8000000000000007
93,16981,4114,F,+/+,Total Fat Mass,2017-07-20,1,4.22,Control Diet,2017-06-21,29,3,0.019999999999999574
93,16981,4114,F,+/+,Lean Mass,2017-07-20,1,17.66,Control Diet,2017-06-21,29,3,0.9299999999999997
93,16982,4115,F,+/+,Body Weight,2017-07-20,1,21,Control Diet,2017-06-21,29,3,0.8999999999999986
93,16982,4115,F,+/+,Total Fat Mass,2017-07-20,1,2.78,Control Diet,2017-06-21,29,3,0.8999999999999999
93,16982,4115,F,+/+,Lean Mass,2017-07-20,1,16.46,Control Diet,2017-06-21,29,3,0
93,16984,4116,F,+/+,Body Weight,2017-07-20,1,21.8,Control Diet,2017-06-21,29,3,1
93,16984,4116,F,+/+,Total Fat Mass,2017-07-20,1,3.43,Control Diet,2017-06-21,29,3,0.28000000000000025
93,16984,4116,F,+/+,Lean Mass,2017-07-20,1,16.5,Control Diet,2017-06-21,29,3,0.5999999999999996
93,16985,4117,F,+/+,Body Weight,2017-07-20,1,20.8,Control Diet,2017-06-21,29,3,2
93,16985,4117,F,+/+,Total Fat Mass,2017-07-20,1,3.33,Control Diet,2017-06-21,29,3,1.97
93,16985,4117,F,+/+,Lean Mass,2017-07-20,1,15.72,Control Diet,2017-06-21,29,3,0.07000000000000028
97,16951,4086,M,+/+,Body Weight,2017-07-24,1,29.1,Control Diet,2017-06-21,33,4,4.100000000000001
97,16951,4086,M,+/+,Total Fat Mass,2017-07-24,1,6.02,Control Diet,2017-06-21,33,4,2.7699999999999996
97,16951,4086,M,+/+,Lean Mass,2017-07-24,1,21.38,Control Diet,2017-06-21,33,4,1.5399999999999991
97,16952,4087,M,+/+,Body Weight,2017-07-24,1,27.8,Control Diet,2017-06-21,33,4,4.699999999999999
97,16952,4087,M,+/+,Total Fat Mass,2017-07-24,1,5.34,Control Diet,2017-06-21,33,4,2.58
97,16952,4087,M,+/+,Lean Mass,2017-07-24,1,20.59,Control Diet,2017-06-21,33,4,2
97,16953,4088,M,+/+,Body Weight,2017-07-24,1,25.9,Control Diet,2017-06-21,33,4,1.8999999999999986
97,16953,4088,M,+/+,Total Fat Mass,2017-07-24,1,4.74,Control Diet,2017-06-21,33,4,2.7600000000000002
97,16953,4088,M,+/+,Lean Mass,2017-07-24,1,19.36,Control Diet,2017-06-21,33,4,-0.75
97,16954,4089,M,+/+,Body Weight,2017-07-24,1,28.9,Control Diet,2017-06-21,33,4,5.199999999999999
97,16954,4089,M,+/+,Total Fat Mass,2017-07-24,1,6.81,Control Diet,2017-06-21,33,4,3.4399999999999995
97,16954,4089,M,+/+,Lean Mass,2017-07-24,1,20.49,Control Diet,2017-06-21,33,4,1.8199999999999967
97,16955,4090,M,+/+,Body Weight,2017-07-24,1,24.1,Ketogenic Diet,2017-06-21,33,4,-0.5
97,16955,4090,M,+/+,Total Fat Mass,2017-07-24,1,2.13,Ketogenic Diet,2017-06-21,33,4,-1.38
97,16955,4090,M,+/+,Lean Mass,2017-07-24,1,19.9,Ketogenic Diet,2017-06-21,33,4,0.639999999999997
97,16956,4091,M,+/+,Body Weight,2017-07-24,1,26,Ketogenic Diet,2017-06-21,33,4,-0.1999999999999993
97,16956,4091,M,+/+,Total Fat Mass,2017-07-24,1,3.4,Ketogenic Diet,2017-06-21,33,4,-0.7900000000000005
97,16956,4091,M,+/+,Lean Mass,2017-07-24,1,20.5,Ketogenic Diet,2017-06-21,33,4,0.3200000000000003
97,16957,4092,M,+/+,Body Weight,2017-07-24,1,21.6,Ketogenic Diet,2017-06-21,33,4,-1.0999999999999979
97,16957,4092,M,+/+,Total Fat Mass,2017-07-24,1,2.13,Ketogenic Diet,2017-06-21,33,4,-0.8700000000000001
97,16957,4092,M,+/+,Lean Mass,2017-07-24,1,17.88,Ketogenic Diet,2017-06-21,33,4,-0.2900000000000027
97,16958,4093,M,+/+,Body Weight,2017-07-24,1,22.2,Ketogenic Diet,2017-06-21,33,4,-0.1999999999999993
97,16958,4093,M,+/+,Total Fat Mass,2017-07-24,1,3.5,Ketogenic Diet,2017-06-21,33,4,0.43999999999999995
97,16958,4093,M,+/+,Lean Mass,2017-07-24,1,17.31,Ketogenic Diet,2017-06-21,33,4,-0.3000000000000007
97,16959,4094,M,+/+,Body Weight,2017-07-24,1,28.7,Control Diet,2017-06-21,33,4,2.1999999999999993
97,16959,4094,M,+/+,Total Fat Mass,2017-07-24,1,6.78,Control Diet,2017-06-21,33,4,2.4300000000000006
97,16959,4094,M,+/+,Lean Mass,2017-07-24,1,20,Control Diet,2017-06-21,33,4,-0.21999999999999886
97,16960,4095,M,+/+,Body Weight,2017-07-24,1,26.3,Control Diet,2017-06-21,33,4,3.3000000000000007
97,16960,4095,M,+/+,Total Fat Mass,2017-07-24,1,5.02,Control Diet,2017-06-21,33,4,2.1699999999999995
97,16960,4095,M,+/+,Lean Mass,2017-07-24,1,19.5,Control Diet,2017-06-21,33,4,1.0100000000000016
97,16961,4096,M,+/+,Body Weight,2017-07-24,1,28.3,Control Diet,2017-06-21,33,4,4.5
97,16961,4096,M,+/+,Total Fat Mass,2017-07-24,1,5.39,Control Diet,2017-06-21,33,4,3.38
97,16961,4096,M,+/+,Lean Mass,2017-07-24,1,21.25,Control Diet,2017-06-21,33,4,1.2300000000000004
97,16963,4097,M,+/+,Body Weight,2017-07-24,1,27.3,Control Diet,2017-06-21,33,4,1.9000000000000021
97,16963,4097,M,+/+,Total Fat Mass,2017-07-24,1,4.72,Control Diet,2017-06-21,33,4,2.15
97,16963,4097,M,+/+,Lean Mass,2017-07-24,1,20.92,Control Diet,2017-06-21,33,4,-0.08999999999999986
97,16964,4098,M,+/+,Body Weight,2017-07-24,1,22.7,Ketogenic Diet,2017-06-21,33,4,-1.6999999999999993
97,16964,4098,M,+/+,Total Fat Mass,2017-07-24,1,1.76,Ketogenic Diet,2017-06-21,33,4,-2.2700000000000005
97,16964,4098,M,+/+,Lean Mass,2017-07-24,1,19.14,Ketogenic Diet,2017-06-21,33,4,0.46999999999999886
97,16966,4100,M,+/+,Body Weight,2017-07-24,1,25,Ketogenic Diet,2017-06-21,33,4,1.3000000000000007
97,16966,4100,M,+/+,Total Fat Mass,2017-07-24,1,3.54,Ketogenic Diet,2017-06-21,33,4,1.0100000000000002
97,16966,4100,M,+/+,Lean Mass,2017-07-24,1,19.73,Ketogenic Diet,2017-06-21,33,4,0.6000000000000014
97,16968,4102,F,+/+,Body Weight,2017-07-24,1,20.7,Ketogenic Diet,2017-06-21,33,4,0.3999999999999986
97,16968,4102,F,+/+,Total Fat Mass,2017-07-24,1,4.13,Ketogenic Diet,2017-06-21,33,4,0.9499999999999997
97,16968,4102,F,+/+,Lean Mass,2017-07-24,1,15.03,Ketogenic Diet,2017-06-21,33,4,-0.3500000000000014
97,16969,4103,F,+/+,Body Weight,2017-07-24,1,21.5,Ketogenic Diet,2017-06-21,33,4,1.1999999999999993
97,16969,4103,F,+/+,Total Fat Mass,2017-07-24,1,2.97,Ketogenic Diet,2017-06-21,33,4,0.7400000000000002
97,16969,4103,F,+/+,Lean Mass,2017-07-24,1,17.13,Ketogenic Diet,2017-06-21,33,4,0.9899999999999984
97,16970,4104,F,+/+,Body Weight,2017-07-24,1,20.9,Ketogenic Diet,2017-06-21,33,4,0.29999999999999716
97,16970,4104,F,+/+,Total Fat Mass,2017-07-24,1,3.01,Ketogenic Diet,2017-06-21,33,4,0.9099999999999997
97,16970,4104,F,+/+,Lean Mass,2017-07-24,1,15.95,Ketogenic Diet,2017-06-21,33,4,-0.75
97,16971,4105,F,+/+,Body Weight,2017-07-24,1,19.9,Ketogenic Diet,2017-06-21,33,4,-0.7000000000000028
97,16971,4105,F,+/+,Total Fat Mass,2017-07-24,1,2.87,Ketogenic Diet,2017-06-21,33,4,0.040000000000000036
97,16971,4105,F,+/+,Lean Mass,2017-07-24,1,15.39,Ketogenic Diet,2017-06-21,33,4,-1.5899999999999999
97,16972,4106,F,+/+,Body Weight,2017-07-24,1,23.4,Control Diet,2017-06-21,33,4,3.6999999999999993
97,16972,4106,F,+/+,Total Fat Mass,2017-07-24,1,5.5,Control Diet,2017-06-21,33,4,2.5
97,16972,4106,F,+/+,Lean Mass,2017-07-24,1,16.3,Control Diet,2017-06-21,33,4,1.08
97,16973,4107,F,+/+,Body Weight,2017-07-24,1,21.7,Control Diet,2017-06-21,33,4,1.8999999999999986
97,16973,4107,F,+/+,Total Fat Mass,2017-07-24,1,3.62,Control Diet,2017-06-21,33,4,0.6299999999999999
97,16973,4107,F,+/+,Lean Mass,2017-07-24,1,16.18,Control Diet,2017-06-21,33,4,1.08
97,16974,4108,F,+/+,Body Weight,2017-07-24,1,20.2,Control Diet,2017-06-21,33,4,1.1999999999999993
97,16974,4108,F,+/+,Total Fat Mass,2017-07-24,1,2.95,Control Diet,2017-06-21,33,4,0.3700000000000001
97,16974,4108,F,+/+,Lean Mass,2017-07-24,1,15.74,Control Diet,2017-06-21,33,4,0.8200000000000003
97,16976,4109,F,+/+,Body Weight,2017-07-24,1,21.1,Control Diet,2017-06-21,33,4,3.5
97,16976,4109,F,+/+,Total Fat Mass,2017-07-24,1,4.1,Control Diet,2017-06-21,33,4,1.8799999999999994
97,16976,4109,F,+/+,Lean Mass,2017-07-24,1,15.55,Control Diet,2017-06-21,33,4,1.58
97,16977,4110,F,+/+,Body Weight,2017-07-24,1,19.2,Ketogenic Diet,2017-06-21,33,4,-0.40000000000000213
97,16977,4110,F,+/+,Total Fat Mass,2017-07-24,1,2.37,Ketogenic Diet,2017-06-21,33,4,-0.56
97,16977,4110,F,+/+,Lean Mass,2017-07-24,1,15.22,Ketogenic Diet,2017-06-21,33,4,0.45000000000000107
97,16978,4111,F,+/+,Body Weight,2017-07-24,1,20.4,Ketogenic Diet,2017-06-21,33,4,-0.8000000000000007
97,16978,4111,F,+/+,Total Fat Mass,2017-07-24,1,2.62,Ketogenic Diet,2017-06-21,33,4,-0.5
97,16978,4111,F,+/+,Lean Mass,2017-07-24,1,16.12,Ketogenic Diet,2017-06-21,33,4,0.010000000000001563
97,16979,4112,F,+/+,Body Weight,2017-07-24,1,20.3,Ketogenic Diet,2017-06-21,33,4,-0.5999999999999979
97,16979,4112,F,+/+,Total Fat Mass,2017-07-24,1,2.85,Ketogenic Diet,2017-06-21,33,4,-0.3599999999999999
97,16979,4112,F,+/+,Lean Mass,2017-07-24,1,15.85,Ketogenic Diet,2017-06-21,33,4,-0.1899999999999995
97,16980,4113,F,+/+,Body Weight,2017-07-24,1,20.8,Ketogenic Diet,2017-06-21,33,4,0.40000000000000213
97,16980,4113,F,+/+,Total Fat Mass,2017-07-24,1,3.51,Ketogenic Diet,2017-06-21,33,4,0.5799999999999996
97,16980,4113,F,+/+,Lean Mass,2017-07-24,1,15.67,Ketogenic Diet,2017-06-21,33,4,0.13000000000000078
97,16981,4114,F,+/+,Body Weight,2017-07-24,1,23.8,Control Diet,2017-06-21,33,4,1
97,16981,4114,F,+/+,Total Fat Mass,2017-07-24,1,4.22,Control Diet,2017-06-21,33,4,0.019999999999999574
97,16981,4114,F,+/+,Lean Mass,2017-07-24,1,17.76,Control Diet,2017-06-21,33,4,1.0300000000000011
97,16982,4115,F,+/+,Body Weight,2017-07-24,1,21.1,Control Diet,2017-06-21,33,4,1
97,16982,4115,F,+/+,Total Fat Mass,2017-07-24,1,2.72,Control Diet,2017-06-21,33,4,0.8400000000000003
97,16982,4115,F,+/+,Lean Mass,2017-07-24,1,16.74,Control Diet,2017-06-21,33,4,0.2799999999999976
97,16984,4116,F,+/+,Body Weight,2017-07-24,1,22.2,Control Diet,2017-06-21,33,4,1.3999999999999986
97,16984,4116,F,+/+,Total Fat Mass,2017-07-24,1,3.51,Control Diet,2017-06-21,33,4,0.3599999999999999
97,16984,4116,F,+/+,Lean Mass,2017-07-24,1,16.88,Control Diet,2017-06-21,33,4,0.97999999999999865
97,16985,4117,F,+/+,Body Weight,2017-07-24,1,20.7,Control Diet,2017-06-21,33,4,1.8999999999999986
97,16985,4117,F,+/+,Total Fat Mass,2017-07-24,1,2.97,Control Diet,2017-06-21,33,4,1.61
97,16985,4117,F,+/+,Lean Mass,2017-07-24,1,16.01,Control Diet,2017-06-21,33,4,0.3600000000000012
69,19606,1738,M,+/+,Total Fat Mass,2018-03-26,2,3.31,Control Diet,2018-03-26,0,-1,-0.6600000000000001
69,19606,1738,M,+/+,Lean Mass,2018-03-26,2,18.78,Control Diet,2018-03-26,0,-1,0.46000000000000085
69,19606,1738,M,+/+,Body Weight,2018-03-26,2,23.8,Control Diet,2018-03-26,0,-1,0.10000000000000142
69,19607,1739,M,+/+,Total Fat Mass,2018-03-26,2,2.91,Ketogenic Diet,2018-03-26,0,-1,-0.3999999999999999
69,19607,1739,M,+/+,Lean Mass,2018-03-26,2,20.08,Ketogenic Diet,2018-03-26,0,-1,1.1999999999999993
69,19607,1739,M,+/+,Body Weight,2018-03-26,2,24.8,Ketogenic Diet,2018-03-26,0,-1,0.8000000000000007
69,19608,1740,M,+/+,Total Fat Mass,2018-03-26,2,3.13,Ketogenic Diet,2018-03-26,0,-1,-1
69,19608,1740,M,+/+,Lean Mass,2018-03-26,2,20.66,Ketogenic Diet,2018-03-26,0,-1,1.1900000000000013
69,19608,1740,M,+/+,Body Weight,2018-03-26,2,25,Ketogenic Diet,2018-03-26,0,-1,-0.5
69,19609,1741,M,+/+,Total Fat Mass,2018-03-26,2,2.3,Ketogenic Diet,2018-03-26,0,-1,NaN
69,19609,1741,M,+/+,Lean Mass,2018-03-26,2,19.64,Ketogenic Diet,2018-03-26,0,-1,NaN
69,19609,1741,M,+/+,Body Weight,2018-03-26,2,23.4,Ketogenic Diet,2018-03-26,0,-1,NaN
69,19610,1742,M,+/+,Lean Mass,2018-03-26,2,20.69,Ketogenic Diet,2018-03-26,0,-1,1.240000000000002
69,19610,1742,M,+/+,Total Fat Mass,2018-03-26,2,2.61,Ketogenic Diet,2018-03-26,0,-1,-0.6600000000000001
69,19610,1742,M,+/+,Body Weight,2018-03-26,2,24.8,Ketogenic Diet,2018-03-26,0,-1,0.1999999999999993
69,19611,1743,M,+/+,Body Weight,2018-03-26,2,25.8,Ketogenic Diet,2018-03-26,0,-1,0.6000000000000014
69,19611,1743,M,+/+,Lean Mass,2018-03-26,2,20.78,Ketogenic Diet,2018-03-26,0,-1,1.5800000000000018
69,19611,1743,M,+/+,Total Fat Mass,2018-03-26,2,3.331,Ketogenic Diet,2018-03-26,0,-1,-0.8489999999999998
69,19612,1744,M,+/+,Lean Mass,2018-03-26,2,17.97,Ketogenic Diet,2018-03-26,0,-1,0.2699999999999996
69,19612,1744,M,+/+,Total Fat Mass,2018-03-26,2,2.54,Ketogenic Diet,2018-03-26,0,-1,-0.96
69,19612,1744,M,+/+,Body Weight,2018-03-26,2,22.2,Ketogenic Diet,2018-03-26,0,-1,-0.3000000000000007
69,19613,1745,M,+/+,Total Fat Mass,2018-03-26,2,2.68,Control Diet,2018-03-26,0,-1,1.2800000000000002
69,19613,1745,M,+/+,Lean Mass,2018-03-26,2,18.41,Control Diet,2018-03-26,0,-1,2.49
69,19613,1745,M,+/+,Body Weight,2018-03-26,2,22.8,Control Diet,2018-03-26,0,-1,3.8000000000000007
69,19614,1746,M,+/+,Total Fat Mass,2018-03-26,2,3.18,Ketogenic Diet,2018-03-26,0,-1,-1.4099999999999997
69,19614,1746,M,+/+,Lean Mass,2018-03-26,2,19.09,Ketogenic Diet,2018-03-26,0,-1,0.6099999999999994
69,19614,1746,M,+/+,Body Weight,2018-03-26,2,24,Ketogenic Diet,2018-03-26,0,-1,-0.6999999999999993
69,19615,1747,M,+/+,Body Weight,2018-03-26,2,23.6,Ketogenic Diet,2018-03-26,0,-1,-0.5
69,19615,1747,M,+/+,Total Fat Mass,2018-03-26,2,3.59,Ketogenic Diet,2018-03-26,0,-1,-0.8799999999999999
69,19615,1747,M,+/+,Lean Mass,2018-03-26,2,18.57,Ketogenic Diet,2018-03-26,0,-1,0.5
69,19616,1748,M,+/+,Total Fat Mass,2018-03-26,2,2.86,Ketogenic Diet,2018-03-26,0,-1,-2.3300000000000005
69,19616,1748,M,+/+,Lean Mass,2018-03-26,2,20.21,Ketogenic Diet,2018-03-26,0,-1,0.5700000000000003
69,19616,1748,M,+/+,Body Weight,2018-03-26,2,24.6,Ketogenic Diet,2018-03-26,0,-1,-2
69,19617,1749,M,+/+,Total Fat Mass,2018-03-26,2,2.08,Control Diet,2018-03-26,0,-1,-1.0299999999999998
69,19617,1749,M,+/+,Lean Mass,2018-03-26,2,20.2,Control Diet,2018-03-26,0,-1,1.0700000000000003
69,19617,1749,M,+/+,Body Weight,2018-03-26,2,23.8,Control Diet,2018-03-26,0,-1,-0.1999999999999993
69,19618,1750,M,+/+,Total Fat Mass,2018-03-26,2,2.97,Control Diet,2018-03-26,0,-1,-0.6499999999999999
69,19618,1750,M,+/+,Lean Mass,2018-03-26,2,19.36,Control Diet,2018-03-26,0,-1,0.05000000000000071
69,19618,1750,M,+/+,Body Weight,2018-03-26,2,24,Control Diet,2018-03-26,0,-1,-0.3999999999999986
69,19619,1751,M,+/+,Body Weight,2018-03-26,2,24.4,Ketogenic Diet,2018-03-26,0,-1,-0.7000000000000028
69,19619,1751,M,+/+,Lean Mass,2018-03-26,2,20.55,Ketogenic Diet,2018-03-26,0,-1,1.2100000000000009
69,19619,1751,M,+/+,Lean Mass,2018-03-26,2,20.55,Ketogenic Diet,2018-03-26,0,-1,1.2100000000000009
69,19620,1752,M,+/+,Body Weight,2018-03-26,2,23.2,Ketogenic Diet,2018-03-26,0,-1,0.09999999999999787
69,19620,1752,M,+/+,Total Fat Mass,2018-03-26,2,3.73,Ketogenic Diet,2018-03-26,0,-1,-0.7899999999999996
69,19620,1752,M,+/+,Lean Mass,2018-03-26,2,17.9,Ketogenic Diet,2018-03-26,0,-1,0.7299999999999969
69,19621,1753,M,+/+,Total Fat Mass,2018-03-26,2,2.22,Ketogenic Diet,2018-03-26,0,-1,-0.44999999999999973
69,19621,1753,M,+/+,Lean Mass,2018-03-26,2,18.58,Ketogenic Diet,2018-03-26,0,-1,0.6599999999999966
69,19621,1753,M,+/+,Body Weight,2018-03-26,2,22.8,Ketogenic Diet,2018-03-26,0,-1,0.40000000000000213
76,19606,1738,M,+/+,Body Weight,2018-04-02,2,23.7,Control Diet,2018-03-26,7,0,0
76,19606,1738,M,+/+,Total Fat Mass,2018-04-02,2,3.97,Control Diet,2018-03-26,7,0,0
76,19606,1738,M,+/+,Lean Mass,2018-04-02,2,18.32,Control Diet,2018-03-26,7,0,0
76,19607,1739,M,+/+,Body Weight,2018-04-02,2,24,Ketogenic Diet,2018-03-26,7,0,0
76,19607,1739,M,+/+,Total Fat Mass,2018-04-02,2,3.31,Ketogenic Diet,2018-03-26,7,0,0
76,19607,1739,M,+/+,Lean Mass,2018-04-02,2,18.88,Ketogenic Diet,2018-03-26,7,0,0
76,19608,1740,M,+/+,Body Weight,2018-04-02,2,25.5,Ketogenic Diet,2018-03-26,7,0,0
76,19608,1740,M,+/+,Total Fat Mass,2018-04-02,2,4.13,Ketogenic Diet,2018-03-26,7,0,0
76,19608,1740,M,+/+,Lean Mass,2018-04-02,2,19.47,Ketogenic Diet,2018-03-26,7,0,0
76,19610,1742,M,+/+,Body Weight,2018-04-02,2,24.6,Ketogenic Diet,2018-03-26,7,0,0
76,19610,1742,M,+/+,Total Fat Mass,2018-04-02,2,3.27,Ketogenic Diet,2018-03-26,7,0,0
76,19610,1742,M,+/+,Lean Mass,2018-04-02,2,19.45,Ketogenic Diet,2018-03-26,7,0,0
76,19611,1743,M,+/+,Body Weight,2018-04-02,2,25.2,Ketogenic Diet,2018-03-26,7,0,0
76,19611,1743,M,+/+,Total Fat Mass,2018-04-02,2,4.18,Ketogenic Diet,2018-03-26,7,0,0
76,19611,1743,M,+/+,Lean Mass,2018-04-02,2,19.2,Ketogenic Diet,2018-03-26,7,0,0
76,19612,1744,M,+/+,Body Weight,2018-04-02,2,22.5,Ketogenic Diet,2018-03-26,7,0,0
76,19612,1744,M,+/+,Total Fat Mass,2018-04-02,2,3.5,Ketogenic Diet,2018-03-26,7,0,0
76,19612,1744,M,+/+,Lean Mass,2018-04-02,2,17.7,Ketogenic Diet,2018-03-26,7,0,0
76,19613,1745,M,+/+,Body Weight,2018-04-02,2,19,Control Diet,2018-03-26,7,0,0
76,19613,1745,M,+/+,Total Fat Mass,2018-04-02,2,1.4,Control Diet,2018-03-26,7,0,0
76,19613,1745,M,+/+,Lean Mass,2018-04-02,2,15.92,Control Diet,2018-03-26,7,0,0
76,19614,1746,M,+/+,Body Weight,2018-04-02,2,24.7,Ketogenic Diet,2018-03-26,7,0,0
76,19614,1746,M,+/+,Total Fat Mass,2018-04-02,2,4.59,Ketogenic Diet,2018-03-26,7,0,0
76,19614,1746,M,+/+,Lean Mass,2018-04-02,2,18.48,Ketogenic Diet,2018-03-26,7,0,0
76,19615,1747,M,+/+,Body Weight,2018-04-02,2,24.1,Ketogenic Diet,2018-03-26,7,0,0
76,19615,1747,M,+/+,Total Fat Mass,2018-04-02,2,4.47,Ketogenic Diet,2018-03-26,7,0,0
76,19615,1747,M,+/+,Lean Mass,2018-04-02,2,18.07,Ketogenic Diet,2018-03-26,7,0,0
76,19616,1748,M,+/+,Body Weight,2018-04-02,2,26.6,Ketogenic Diet,2018-03-26,7,0,0
76,19616,1748,M,+/+,Total Fat Mass,2018-04-02,2,5.19,Ketogenic Diet,2018-03-26,7,0,0
76,19616,1748,M,+/+,Lean Mass,2018-04-02,2,19.64,Ketogenic Diet,2018-03-26,7,0,0
76,19617,1749,M,+/+,Body Weight,2018-04-02,2,24,Control Diet,2018-03-26,7,0,0
76,19617,1749,M,+/+,Total Fat Mass,2018-04-02,2,3.11,Control Diet,2018-03-26,7,0,0
76,19617,1749,M,+/+,Lean Mass,2018-04-02,2,19.13,Control Diet,2018-03-26,7,0,0
76,19618,1750,M,+/+,Body Weight,2018-04-02,2,24.4,Control Diet,2018-03-26,7,0,0
76,19618,1750,M,+/+,Total Fat Mass,2018-04-02,2,3.62,Control Diet,2018-03-26,7,0,0
76,19618,1750,M,+/+,Lean Mass,2018-04-02,2,19.31,Control Diet,2018-03-26,7,0,0
76,19619,1751,M,+/+,Body Weight,2018-04-02,2,25.1,Ketogenic Diet,2018-03-26,7,0,0
76,19619,1751,M,+/+,Total Fat Mass,2018-04-02,2,4.04,Ketogenic Diet,2018-03-26,7,0,0
76,19619,1751,M,+/+,Lean Mass,2018-04-02,2,19.34,Ketogenic Diet,2018-03-26,7,0,0
76,19620,1752,M,+/+,Body Weight,2018-04-02,2,23.1,Ketogenic Diet,2018-03-26,7,0,0
76,19620,1752,M,+/+,Total Fat Mass,2018-04-02,2,4.52,Ketogenic Diet,2018-03-26,7,0,0
76,19620,1752,M,+/+,Lean Mass,2018-04-02,2,17.17,Ketogenic Diet,2018-03-26,7,0,0
76,19621,1753,M,+/+,Body Weight,2018-04-02,2,22.4,Ketogenic Diet,2018-03-26,7,0,0
76,19621,1753,M,+/+,Total Fat Mass,2018-04-02,2,2.67,Ketogenic Diet,2018-03-26,7,0,0
76,19621,1753,M,+/+,Lean Mass,2018-04-02,2,17.92,Ketogenic Diet,2018-03-26,7,0,0
83,19606,1738,M,+/+,Body Weight,2018-04-09,2,25.4,Control Diet,2018-03-26,14,1,1.6999999999999993
83,19606,1738,M,+/+,Total Fat Mass,2018-04-09,2,5.52,Control Diet,2018-03-26,14,1,1.5499999999999994
83,19606,1738,M,+/+,Lean Mass,2018-04-09,2,18.15,Control Diet,2018-03-26,14,1,-0.1700000000000017
83,19607,1739,M,+/+,Body Weight,2018-04-09,2,24.4,Ketogenic Diet,2018-03-26,14,1,0.3999999999999986
83,19607,1739,M,+/+,Total Fat Mass,2018-04-09,2,3.94,Ketogenic Diet,2018-03-26,14,1,0.6299999999999999
83,19607,1739,M,+/+,Lean Mass,2018-04-09,2,18.73,Ketogenic Diet,2018-03-26,14,1,-0.14999999999999858
83,19608,1740,M,+/+,Body Weight,2018-04-09,2,24.4,Ketogenic Diet,2018-03-26,14,1,-1.1000000000000014
83,19608,1740,M,+/+,Total Fat Mass,2018-04-09,2,4.23,Ketogenic Diet,2018-03-26,14,1,0.10000000000000053
83,19608,1740,M,+/+,Lean Mass,2018-04-09,2,18.41,Ketogenic Diet,2018-03-26,14,1,-1.0599999999999987
83,19610,1742,M,+/+,Body Weight,2018-04-09,2,26.4,Ketogenic Diet,2018-03-26,14,1,1.7999999999999972
83,19610,1742,M,+/+,Total Fat Mass,2018-04-09,2,4.37,Ketogenic Diet,2018-03-26,14,1,1.1
83,19610,1742,M,+/+,Lean Mass,2018-04-09,2,20.39,Ketogenic Diet,2018-03-26,14,1,0.9400000000000013
83,19611,1743,M,+/+,Body Weight,2018-04-09,2,26.4,Ketogenic Diet,2018-03-26,14,1,1.1999999999999993
83,19611,1743,M,+/+,Total Fat Mass,2018-04-09,2,5.18,Ketogenic Diet,2018-03-26,14,1,1
83,19611,1743,M,+/+,Lean Mass,2018-04-09,2,19.25,Ketogenic Diet,2018-03-26,14,1,0.05000000000000071
83,19612,1744,M,+/+,Body Weight,2018-04-09,2,24.8,Ketogenic Diet,2018-03-26,14,1,2.3000000000000007
83,19612,1744,M,+/+,Total Fat Mass,2018-04-09,2,4.41,Ketogenic Diet,2018-03-26,14,1,0.9100000000000001
83,19612,1744,M,+/+,Lean Mass,2018-04-09,2,18.69,Ketogenic Diet,2018-03-26,14,1,0.990000000000002
83,19614,1746,M,+/+,Body Weight,2018-04-09,2,27.4,Ketogenic Diet,2018-03-26,14,1,2.6999999999999993
83,19614,1746,M,+/+,Total Fat Mass,2018-04-09,2,6.21,Ketogenic Diet,2018-03-26,14,1,1.62
83,19614,1746,M,+/+,Lean Mass,2018-04-09,2,19.65,Ketogenic Diet,2018-03-26,14,1,1.1699999999999982
83,19615,1747,M,+/+,Body Weight,2018-04-09,2,26.4,Ketogenic Diet,2018-03-26,14,1,2.299999999999997
83,19615,1747,M,+/+,Total Fat Mass,2018-04-09,2,5.88,Ketogenic Diet,2018-03-26,14,1,1.4100000000000001
83,19615,1747,M,+/+,Lean Mass,2018-04-09,2,18.71,Ketogenic Diet,2018-03-26,14,1,0.6400000000000006
83,19616,1748,M,+/+,Body Weight,2018-04-09,2,28.8,Ketogenic Diet,2018-03-26,14,1,2.1999999999999993
83,19616,1748,M,+/+,Total Fat Mass,2018-04-09,2,6.79,Ketogenic Diet,2018-03-26,14,1,1.5999999999999996
83,19616,1748,M,+/+,Lean Mass,2018-04-09,2,20.25,Ketogenic Diet,2018-03-26,14,1,0.6099999999999994
83,19617,1749,M,+/+,Body Weight,2018-04-09,2,25.2,Control Diet,2018-03-26,14,1,1.1999999999999993
83,19617,1749,M,+/+,Total Fat Mass,2018-04-09,2,4.44,Control Diet,2018-03-26,14,1,1.3300000000000005
83,19617,1749,M,+/+,Lean Mass,2018-04-09,2,19.14,Control Diet,2018-03-26,14,1,0.010000000000001563
83,19618,1750,M,+/+,Body Weight,2018-04-09,2,26.2,Control Diet,2018-03-26,14,1,1.8000000000000007
83,19618,1750,M,+/+,Total Fat Mass,2018-04-09,2,5.2,Control Diet,2018-03-26,14,1,1.58
83,19618,1750,M,+/+,Lean Mass,2018-04-09,2,19.43,Control Diet,2018-03-26,14,1,0.120000000000001
83,19619,1751,M,+/+,Body Weight,2018-04-09,2,27.4,Ketogenic Diet,2018-03-26,14,1,2.299999999999997
83,19619,1751,M,+/+,Total Fat Mass,2018-04-09,2,4.96,Ketogenic Diet,2018-03-26,14,1,0.9199999999999999
83,19619,1751,M,+/+,Lean Mass,2018-04-09,2,20.34,Ketogenic Diet,2018-03-26,14,1,1
83,19620,1752,M,+/+,Body Weight,2018-04-09,2,25.2,Ketogenic Diet,2018-03-26,14,1,2.099999999999998
83,19620,1752,M,+/+,Total Fat Mass,2018-04-09,2,5.76,Ketogenic Diet,2018-03-26,14,1,1.2400000000000002
83,19620,1752,M,+/+,Lean Mass,2018-04-09,2,17.87,Ketogenic Diet,2018-03-26,14,1,0.6999999999999993
83,19621,1753,M,+/+,Body Weight,2018-04-09,2,23.8,Ketogenic Diet,2018-03-26,14,1,1.4000000000000021
83,19621,1753,M,+/+,Total Fat Mass,2018-04-09,2,3.13,Ketogenic Diet,2018-03-26,14,1,0.45999999999999996
83,19621,1753,M,+/+,Lean Mass,2018-04-09,2,18.89,Ketogenic Diet,2018-03-26,14,1,0.9699999999999989
90,19606,1738,M,+/+,Body Weight,2018-04-16,2,25,Control Diet,2018-03-26,21,2,1.3000000000000007
90,19606,1738,M,+/+,Total Fat Mass,2018-04-16,2,5.54,Control Diet,2018-03-26,21,2,1.5699999999999998
90,19606,1738,M,+/+,Lean Mass,2018-04-16,2,17.89,Control Diet,2018-03-26,21,2,-0.4299999999999997
90,19607,1739,M,+/+,Body Weight,2018-04-16,2,22.9,Ketogenic Diet,2018-03-26,21,2,-1.1000000000000014
90,19607,1739,M,+/+,Total Fat Mass,2018-04-16,2,3.25,Ketogenic Diet,2018-03-26,21,2,-0.06000000000000005
90,19607,1739,M,+/+,Lean Mass,2018-04-16,2,17.96,Ketogenic Diet,2018-03-26,21,2,-0.9199999999999982
90,19608,1740,M,+/+,Body Weight,2018-04-16,2,23.3,Ketogenic Diet,2018-03-26,21,2,-2.1999999999999993
90,19608,1740,M,+/+,Total Fat Mass,2018-04-16,2,3.47,Ketogenic Diet,2018-03-26,21,2,-0.6599999999999997
90,19608,1740,M,+/+,Lean Mass,2018-04-16,2,18.39,Ketogenic Diet,2018-03-26,21,2,-1.0799999999999983
90,19610,1742,M,+/+,Body Weight,2018-04-16,2,25.3,Ketogenic Diet,2018-03-26,21,2,0.6999999999999993
90,19610,1742,M,+/+,Total Fat Mass,2018-04-16,2,3.41,Ketogenic Diet,2018-03-26,21,2,0.14000000000000012
90,19610,1742,M,+/+,Lean Mass,2018-04-16,2,20.15,Ketogenic Diet,2018-03-26,21,2,0.6999999999999993
90,19611,1743,M,+/+,Body Weight,2018-04-16,2,25.4,Ketogenic Diet,2018-03-26,21,2,0.1999999999999993
90,19611,1743,M,+/+,Total Fat Mass,2018-04-16,2,5.11,Ketogenic Diet,2018-03-26,21,2,0.9300000000000006
90,19611,1743,M,+/+,Lean Mass,2018-04-16,2,18.46,Ketogenic Diet,2018-03-26,21,2,-0.7399999999999984
90,19612,1744,M,+/+,Body Weight,2018-04-16,2,22.9,Ketogenic Diet,2018-03-26,21,2,0.3999999999999986
90,19612,1744,M,+/+,Total Fat Mass,2018-04-16,2,3.01,Ketogenic Diet,2018-03-26,21,2,-0.4900000000000002
90,19612,1744,M,+/+,Lean Mass,2018-04-16,2,18.28,Ketogenic Diet,2018-03-26,21,2,0.5800000000000018
90,19614,1746,M,+/+,Body Weight,2018-04-16,2,27.8,Ketogenic Diet,2018-03-26,21,2,3.1000000000000014
90,19614,1746,M,+/+,Total Fat Mass,2018-04-16,2,6.67,Ketogenic Diet,2018-03-26,21,2,2.08
90,19614,1746,M,+/+,Lean Mass,2018-04-16,2,19.39,Ketogenic Diet,2018-03-26,21,2,0.9100000000000001
90,19615,1747,M,+/+,Body Weight,2018-04-16,2,26.7,Ketogenic Diet,2018-03-26,21,2,2.599999999999998
90,19615,1747,M,+/+,Total Fat Mass,2018-04-16,2,6.43,Ketogenic Diet,2018-03-26,21,2,1.96
90,19615,1747,M,+/+,Lean Mass,2018-04-16,2,18.79,Ketogenic Diet,2018-03-26,21,2,0.7199999999999989
90,19616,1748,M,+/+,Body Weight,2018-04-16,2,29.4,Ketogenic Diet,2018-03-26,21,2,2.799999999999997
90,19616,1748,M,+/+,Total Fat Mass,2018-04-16,2,6.91,Ketogenic Diet,2018-03-26,21,2,1.7199999999999998
90,19616,1748,M,+/+,Lean Mass,2018-04-16,2,20.47,Ketogenic Diet,2018-03-26,21,2,0.8299999999999983
90,19617,1749,M,+/+,Body Weight,2018-04-16,2,25.7,Control Diet,2018-03-26,21,2,1.6999999999999993
90,19617,1749,M,+/+,Total Fat Mass,2018-04-16,2,4.53,Control Diet,2018-03-26,21,2,1.4200000000000004
90,19617,1749,M,+/+,Lean Mass,2018-04-16,2,19.23,Control Diet,2018-03-26,21,2,0.10000000000000142
90,19618,1750,M,+/+,Body Weight,2018-04-16,2,26.1,Control Diet,2018-03-26,21,2,1.7000000000000028
90,19618,1750,M,+/+,Total Fat Mass,2018-04-16,2,4.84,Control Diet,2018-03-26,21,2,1.2199999999999998
90,19618,1750,M,+/+,Lean Mass,2018-04-16,2,19.52,Control Diet,2018-03-26,21,2,0.21000000000000085
90,19619,1751,M,+/+,Body Weight,2018-04-16,2,25.3,Ketogenic Diet,2018-03-26,21,2,0.1999999999999993
90,19619,1751,M,+/+,Total Fat Mass,2018-04-16,2,3.7,Ketogenic Diet,2018-03-26,21,2,-0.33999999999999986
90,19619,1751,M,+/+,Lean Mass,2018-04-16,2,19.83,Ketogenic Diet,2018-03-26,21,2,0.48999999999999844
90,19620,1752,M,+/+,Body Weight,2018-04-16,2,22.5,Ketogenic Diet,2018-03-26,21,2,-0.6000000000000014
90,19620,1752,M,+/+,Total Fat Mass,2018-04-16,2,3.8,Ketogenic Diet,2018-03-26,21,2,-0.7199999999999998
90,19620,1752,M,+/+,Lean Mass,2018-04-16,2,17.06,Ketogenic Diet,2018-03-26,21,2,-0.11000000000000298
90,19621,1753,M,+/+,Body Weight,2018-04-16,2,23.3,Ketogenic Diet,2018-03-26,21,2,0.9000000000000021
90,19621,1753,M,+/+,Total Fat Mass,2018-04-16,2,2.8,Ketogenic Diet,2018-03-26,21,2,0.1299999999999999
90,19621,1753,M,+/+,Lean Mass,2018-04-16,2,18.74,Ketogenic Diet,2018-03-26,21,2,0.8199999999999967
97,19606,1738,M,+/+,Body Weight,2018-04-23,2,24.8,Control Diet,2018-03-26,28,3,1.1000000000000014
97,19606,1738,M,+/+,Total Fat Mass,2018-04-23,2,5.5,Control Diet,2018-03-26,28,3,1.5299999999999998
97,19606,1738,M,+/+,Lean Mass,2018-04-23,2,17.5,Control Diet,2018-03-26,28,3,-0.8200000000000003
97,19607,1739,M,+/+,Body Weight,2018-04-23,2,24.4,Ketogenic Diet,2018-03-26,28,3,0.3999999999999986
97,19607,1739,M,+/+,Total Fat Mass,2018-04-23,2,3.7,Ketogenic Diet,2018-03-26,28,3,0.3900000000000001
97,19607,1739,M,+/+,Lean Mass,2018-04-23,2,19.02,Ketogenic Diet,2018-03-26,28,3,0.14000000000000057
97,19608,1740,M,+/+,Body Weight,2018-04-23,2,24,Ketogenic Diet,2018-03-26,28,3,-1.5
97,19608,1740,M,+/+,Total Fat Mass,2018-04-23,2,3.28,Ketogenic Diet,2018-03-26,28,3,-0.8500000000000001
97,19608,1740,M,+/+,Lean Mass,2018-04-23,2,18.85,Ketogenic Diet,2018-03-26,28,3,-0.6199999999999974
97,19610,1742,M,+/+,Body Weight,2018-04-23,2,26.6,Ketogenic Diet,2018-03-26,28,3,2
97,19610,1742,M,+/+,Total Fat Mass,2018-04-23,2,4.26,Ketogenic Diet,2018-03-26,28,3,0.9899999999999998
97,19610,1742,M,+/+,Lean Mass,2018-04-23,2,20.69,Ketogenic Diet,2018-03-26,28,3,1.240000000000002
97,19611,1743,M,+/+,Body Weight,2018-04-23,2,24.4,Ketogenic Diet,2018-03-26,28,3,-0.8000000000000007
97,19611,1743,M,+/+,Total Fat Mass,2018-04-23,2,3.31,Ketogenic Diet,2018-03-26,28,3,-0.8699999999999997
97,19611,1743,M,+/+,Lean Mass,2018-04-23,2,19.34,Ketogenic Diet,2018-03-26,28,3,0.14000000000000057
97,19612,1744,M,+/+,Body Weight,2018-04-23,2,22.2,Ketogenic Diet,2018-03-26,28,3,-0.3000000000000007
97,19612,1744,M,+/+,Total Fat Mass,2018-04-23,2,2.83,Ketogenic Diet,2018-03-26,28,3,-0.6699999999999999
97,19612,1744,M,+/+,Lean Mass,2018-04-23,2,17.93,Ketogenic Diet,2018-03-26,28,3,0.23000000000000043
97,19613,1745,M,+/+,Body Weight,2018-04-23,2,26,Control Diet,2018-03-26,28,3,7
97,19613,1745,M,+/+,Total Fat Mass,2018-04-23,2,4.94,Control Diet,2018-03-26,28,3,3.5400000000000005
97,19613,1745,M,+/+,Lean Mass,2018-04-23,2,19.09,Control Diet,2018-03-26,28,3,3.17
97,19614,1746,M,+/+,Body Weight,2018-04-23,2,28.4,Ketogenic Diet,2018-03-26,28,3,3.6999999999999993
97,19614,1746,M,+/+,Total Fat Mass,2018-04-23,2,7.28,Ketogenic Diet,2018-03-26,28,3,2.6900000000000004
97,19614,1746,M,+/+,Lean Mass,2018-04-23,2,19.44,Ketogenic Diet,2018-03-26,28,3,0.9600000000000009
97,19615,1747,M,+/+,Body Weight,2018-04-23,2,26.6,Ketogenic Diet,2018-03-26,28,3,2.5
97,19615,1747,M,+/+,Total Fat Mass,2018-04-23,2,6.48,Ketogenic Diet,2018-03-26,28,3,2.0100000000000007
97,19615,1747,M,+/+,Lean Mass,2018-04-23,2,18.53,Ketogenic Diet,2018-03-26,28,3,0.46000000000000085
97,19616,1748,M,+/+,Body Weight,2018-04-23,2,30.2,Ketogenic Diet,2018-03-26,28,3,3.599999999999998
97,19616,1748,M,+/+,Total Fat Mass,2018-04-23,2,8,Ketogenic Diet,2018-03-26,28,3,2.8099999999999996
97,19616,1748,M,+/+,Lean Mass,2018-04-23,2,20.52,Ketogenic Diet,2018-03-26,28,3,0.879999999999999
97,19617,1749,M,+/+,Body Weight,2018-04-23,2,25,Control Diet,2018-03-26,28,3,1
97,19617,1749,M,+/+,Total Fat Mass,2018-04-23,2,4.03,Control Diet,2018-03-26,28,3,0.9200000000000004
97,19617,1749,M,+/+,Lean Mass,2018-04-23,2,19.29,Control Diet,2018-03-26,28,3,0.16000000000000014
97,19618,1750,M,+/+,Body Weight,2018-04-23,2,25.4,Control Diet,2018-03-26,28,3,1
97,19618,1750,M,+/+,Total Fat Mass,2018-04-23,2,4.65,Control Diet,2018-03-26,28,3,1.0300000000000002
97,19618,1750,M,+/+,Lean Mass,2018-04-23,2,18.84,Control Diet,2018-03-26,28,3,-0.46999999999999886
97,19619,1751,M,+/+,Body Weight,2018-04-23,2,25.8,Ketogenic Diet,2018-03-26,28,3,0.6999999999999993
97,19619,1751,M,+/+,Total Fat Mass,2018-04-23,2,3.66,Ketogenic Diet,2018-03-26,28,3,-0.3799999999999999
97,19619,1751,M,+/+,Lean Mass,2018-04-23,2,20.25,Ketogenic Diet,2018-03-26,28,3,0.9100000000000001
97,19620,1752,M,+/+,Body Weight,2018-04-23,2,22.8,Ketogenic Diet,2018-03-26,28,3,-0.3000000000000007
97,19620,1752,M,+/+,Total Fat Mass,2018-04-23,2,3.91,Ketogenic Diet,2018-03-26,28,3,-0.6099999999999994
97,19620,1752,M,+/+,Lean Mass,2018-04-23,2,17.29,Ketogenic Diet,2018-03-26,28,3,0.11999999999999744
63,23216,8063,M,+/+,Body Weight,2019-07-23,3,23.4,Control Diet,2019-07-23,0,-1,-1.4000000000000021
63,23216,8063,M,+/+,Total Fat Mass,2019-07-23,3,3.41,Control Diet,2019-07-23,0,-1,0.5100000000000002
63,23216,8063,M,+/+,Lean Mass,2019-07-23,3,18.11,Control Diet,2019-07-23,0,-1,-2.4200000000000017
63,23217,8064,M,+/+,Body Weight,2019-07-23,3,24.6,Control Diet,2019-07-23,0,-1,-2
63,23217,8064,M,+/+,Total Fat Mass,2019-07-23,3,4.03,Control Diet,2019-07-23,0,-1,0.2400000000000002
63,23217,8064,M,+/+,Lean Mass,2019-07-23,3,18.29,Control Diet,2019-07-23,0,-1,-2.530000000000001
63,23218,8065,M,+/+,Body Weight,2019-07-23,3,22.9,Control Diet,2019-07-23,0,-1,-0.8000000000000007
63,23218,8065,M,+/+,Total Fat Mass,2019-07-23,3,4.37,Control Diet,2019-07-23,0,-1,1.1600000000000001
63,23218,8065,M,+/+,Lean Mass,2019-07-23,3,16.36,Control Diet,2019-07-23,0,-1,-2.1900000000000013
63,23219,8066,M,+/+,Body Weight,2019-07-23,3,23.5,Ketogenic Diet,2019-07-23,0,-1,-2.1999999999999993
63,23219,8066,M,+/+,Total Fat Mass,2019-07-23,3,3.96,Ketogenic Diet,2019-07-23,0,-1,0.6000000000000001
63,23219,8066,M,+/+,Lean Mass,2019-07-23,3,17.67,Ketogenic Diet,2019-07-23,0,-1,-2.6599999999999966
63,23220,8067,M,+/+,Body Weight,2019-07-23,3,21.7,Ketogenic Diet,2019-07-23,0,-1,3.3999999999999986
63,23220,8067,M,+/+,Total Fat Mass,2019-07-23,3,3.34,Ketogenic Diet,2019-07-23,0,-1,1.65
63,23220,8067,M,+/+,Lean Mass,2019-07-23,3,16.39,Ketogenic Diet,2019-07-23,0,-1,1.4700000000000006
63,23221,8068,M,+/+,Body Weight,2019-07-23,3,23.9,Ketogenic Diet,2019-07-23,0,-1,-1.1000000000000014
63,23221,8068,M,+/+,Total Fat Mass,2019-07-23,3,5.37,Ketogenic Diet,2019-07-23,0,-1,0.8899999999999997
63,23221,8068,M,+/+,Lean Mass,2019-07-23,3,16.59,Ketogenic Diet,2019-07-23,0,-1,-1.9899999999999984
63,23222,8069,M,+/+,Body Weight,2019-07-23,3,24.9,Ketogenic Diet,2019-07-23,0,-1,-2
63,23222,8069,M,+/+,Total Fat Mass,2019-07-23,3,4.07,Ketogenic Diet,2019-07-23,0,-1,0.30000000000000027
63,23222,8069,M,+/+,Lean Mass,2019-07-23,3,18.74,Ketogenic Diet,2019-07-23,0,-1,-2.450000000000003
63,23223,8070,M,+/+,Body Weight,2019-07-23,3,22.8,Ketogenic Diet,2019-07-23,0,-1,-1.8000000000000007
63,23223,8070,M,+/+,Total Fat Mass,2019-07-23,3,3.44,Ketogenic Diet,2019-07-23,0,-1,0.18000000000000016
63,23223,8070,M,+/+,Lean Mass,2019-07-23,3,17.06,Ketogenic Diet,2019-07-23,0,-1,-2.1900000000000013
63,23224,8071,M,+/+,Body Weight,2019-07-23,3,22.4,Ketogenic Diet,2019-07-23,0,-1,-0.6000000000000014
63,23224,8071,M,+/+,Total Fat Mass,2019-07-23,3,2.78,Ketogenic Diet,2019-07-23,0,-1,0.6799999999999997
63,23224,8071,M,+/+,Lean Mass,2019-07-23,3,17.44,Ketogenic Diet,2019-07-23,0,-1,-1.7899999999999991
63,23225,8072,M,+/+,Body Weight,2019-07-23,3,22.7,Ketogenic Diet,2019-07-23,0,-1,-2.900000000000002
63,23225,8072,M,+/+,Total Fat Mass,2019-07-23,3,3.22,Ketogenic Diet,2019-07-23,0,-1,-0.94
63,23225,8072,M,+/+,Lean Mass,2019-07-23,3,17.44,Ketogenic Diet,2019-07-23,0,-1,-1.9399999999999977
63,23226,8073,M,+/+,Body Weight,2019-07-23,3,21.9,Ketogenic Diet,2019-07-23,0,-1,-1
63,23226,8073,M,+/+,Total Fat Mass,2019-07-23,3,2.89,Ketogenic Diet,2019-07-23,0,-1,0.25
63,23226,8073,M,+/+,Lean Mass,2019-07-23,3,17.01,Ketogenic Diet,2019-07-23,0,-1,-1.5599999999999987
63,23227,8074,M,+/+,Body Weight,2019-07-23,3,25.3,Ketogenic Diet,2019-07-23,0,-1,-2
63,23227,8074,M,+/+,Total Fat Mass,2019-07-23,3,3.79,Ketogenic Diet,2019-07-23,0,-1,0.10999999999999988
63,23227,8074,M,+/+,Lean Mass,2019-07-23,3,19.54,Ketogenic Diet,2019-07-23,0,-1,-1.9000000000000021
70,23216,8063,M,+/+,Body Weight,2019-07-30,3,24.8,Control Diet,2019-07-23,7,0,0
70,23216,8063,M,+/+,Total Fat Mass,2019-07-30,3,2.9,Control Diet,2019-07-23,7,0,0
70,23216,8063,M,+/+,Lean Mass,2019-07-30,3,20.53,Control Diet,2019-07-23,7,0,0
70,23217,8064,M,+/+,Body Weight,2019-07-30,3,26.6,Control Diet,2019-07-23,7,0,0
70,23217,8064,M,+/+,Total Fat Mass,2019-07-30,3,3.79,Control Diet,2019-07-23,7,0,0
70,23217,8064,M,+/+,Lean Mass,2019-07-30,3,20.82,Control Diet,2019-07-23,7,0,0
70,23218,8065,M,+/+,Body Weight,2019-07-30,3,23.7,Control Diet,2019-07-23,7,0,0
70,23218,8065,M,+/+,Total Fat Mass,2019-07-30,3,3.21,Control Diet,2019-07-23,7,0,0
70,23218,8065,M,+/+,Lean Mass,2019-07-30,3,18.55,Control Diet,2019-07-23,7,0,0
70,23219,8066,M,+/+,Body Weight,2019-07-30,3,25.7,Ketogenic Diet,2019-07-23,7,0,0
70,23219,8066,M,+/+,Total Fat Mass,2019-07-30,3,3.36,Ketogenic Diet,2019-07-23,7,0,0
70,23219,8066,M,+/+,Lean Mass,2019-07-30,3,20.33,Ketogenic Diet,2019-07-23,7,0,0
70,23220,8067,M,+/+,Body Weight,2019-07-30,3,18.3,Ketogenic Diet,2019-07-23,7,0,0
70,23220,8067,M,+/+,Total Fat Mass,2019-07-30,3,1.69,Ketogenic Diet,2019-07-23,7,0,0
70,23220,8067,M,+/+,Lean Mass,2019-07-30,3,14.92,Ketogenic Diet,2019-07-23,7,0,0
70,23221,8068,M,+/+,Body Weight,2019-07-30,3,25,Ketogenic Diet,2019-07-23,7,0,0
70,23221,8068,M,+/+,Total Fat Mass,2019-07-30,3,4.48,Ketogenic Diet,2019-07-23,7,0,0
70,23221,8068,M,+/+,Lean Mass,2019-07-30,3,18.58,Ketogenic Diet,2019-07-23,7,0,0
70,23222,8069,M,+/+,Body Weight,2019-07-30,3,26.9,Ketogenic Diet,2019-07-23,7,0,0
70,23222,8069,M,+/+,Total Fat Mass,2019-07-30,3,3.77,Ketogenic Diet,2019-07-23,7,0,0
70,23222,8069,M,+/+,Lean Mass,2019-07-30,3,21.19,Ketogenic Diet,2019-07-23,7,0,0
70,23223,8070,M,+/+,Body Weight,2019-07-30,3,24.6,Ketogenic Diet,2019-07-23,7,0,0
70,23223,8070,M,+/+,Total Fat Mass,2019-07-30,3,3.26,Ketogenic Diet,2019-07-23,7,0,0
70,23223,8070,M,+/+,Lean Mass,2019-07-30,3,19.25,Ketogenic Diet,2019-07-23,7,0,0
70,23224,8071,M,+/+,Body Weight,2019-07-30,3,23,Ketogenic Diet,2019-07-23,7,0,0
70,23224,8071,M,+/+,Total Fat Mass,2019-07-30,3,2.1,Ketogenic Diet,2019-07-23,7,0,0
70,23224,8071,M,+/+,Lean Mass,2019-07-30,3,19.23,Ketogenic Diet,2019-07-23,7,0,0
70,23225,8072,M,+/+,Body Weight,2019-07-30,3,25.6,Ketogenic Diet,2019-07-23,7,0,0
70,23225,8072,M,+/+,Total Fat Mass,2019-07-30,3,4.16,Ketogenic Diet,2019-07-23,7,0,0
70,23225,8072,M,+/+,Lean Mass,2019-07-30,3,19.38,Ketogenic Diet,2019-07-23,7,0,0
70,23226,8073,M,+/+,Body Weight,2019-07-30,3,22.9,Ketogenic Diet,2019-07-23,7,0,0
70,23226,8073,M,+/+,Total Fat Mass,2019-07-30,3,2.64,Ketogenic Diet,2019-07-23,7,0,0
70,23226,8073,M,+/+,Lean Mass,2019-07-30,3,18.57,Ketogenic Diet,2019-07-23,7,0,0
70,23227,8074,M,+/+,Body Weight,2019-07-30,3,27.3,Ketogenic Diet,2019-07-23,7,0,0
70,23227,8074,M,+/+,Total Fat Mass,2019-07-30,3,3.68,Ketogenic Diet,2019-07-23,7,0,0
70,23227,8074,M,+/+,Lean Mass,2019-07-30,3,21.44,Ketogenic Diet,2019-07-23,7,0,0
72,23216,8063,M,+/+,Plasma Glucose,2019-08-01,3,NA,Control Diet,2019-07-23,9,0,NA
72,23217,8064,M,+/+,Plasma Glucose,2019-08-01,3,NA,Control Diet,2019-07-23,9,0,NA
72,23218,8065,M,+/+,Plasma Glucose,2019-08-01,3,NA,Control Diet,2019-07-23,9,0,NA
72,23219,8066,M,+/+,Plasma Glucose,2019-08-01,3,NA,Ketogenic Diet,2019-07-23,9,0,NA
72,23220,8067,M,+/+,Plasma Glucose,2019-08-01,3,NA,Ketogenic Diet,2019-07-23,9,0,NA
72,23221,8068,M,+/+,Plasma Glucose,2019-08-01,3,NA,Ketogenic Diet,2019-07-23,9,0,NA
72,23222,8069,M,+/+,Plasma Glucose,2019-08-01,3,NA,Ketogenic Diet,2019-07-23,9,0,NA
72,23223,8070,M,+/+,Plasma Glucose,2019-08-01,3,NA,Ketogenic Diet,2019-07-23,9,0,NA
72,23224,8071,M,+/+,Plasma Glucose,2019-08-01,3,NA,Ketogenic Diet,2019-07-23,9,0,NA
72,23225,8072,M,+/+,Plasma Glucose,2019-08-01,3,NA,Ketogenic Diet,2019-07-23,9,0,NA
72,23226,8073,M,+/+,Plasma Glucose,2019-08-01,3,NA,Ketogenic Diet,2019-07-23,9,0,NA
72,23227,8074,M,+/+,Plasma Glucose,2019-08-01,3,NA,Ketogenic Diet,2019-07-23,9,0,NA
77,23216,8063,M,+/+,Body Weight,2019-08-06,3,24.3,Control Diet,2019-07-23,14,1,-0.5
77,23216,8063,M,+/+,Total Fat Mass,2019-08-06,3,3.72,Control Diet,2019-07-23,14,1,0.8200000000000003
77,23216,8063,M,+/+,Lean Mass,2019-08-06,3,19.27,Control Diet,2019-07-23,14,1,-1.2600000000000016
77,23217,8064,M,+/+,Body Weight,2019-08-06,3,26.7,Control Diet,2019-07-23,14,1,0.09999999999999787
77,23217,8064,M,+/+,Total Fat Mass,2019-08-06,3,4.7,Control Diet,2019-07-23,14,1,0.9100000000000001
77,23217,8064,M,+/+,Lean Mass,2019-08-06,3,20.28,Control Diet,2019-07-23,14,1,-0.5399999999999991
77,23218,8065,M,+/+,Body Weight,2019-08-06,3,23.4,Control Diet,2019-07-23,14,1,-0.3000000000000007
77,23218,8065,M,+/+,Total Fat Mass,2019-08-06,3,3.71,Control Diet,2019-07-23,14,1,0.5
77,23218,8065,M,+/+,Lean Mass,2019-08-06,3,17.96,Control Diet,2019-07-23,14,1,-0.5899999999999999
77,23219,8066,M,+/+,Body Weight,2019-08-06,3,25.5,Ketogenic Diet,2019-07-23,14,1,-0.1999999999999993
77,23219,8066,M,+/+,Total Fat Mass,2019-08-06,3,4.61,Ketogenic Diet,2019-07-23,14,1,1.2500000000000004
77,23219,8066,M,+/+,Lean Mass,2019-08-06,3,19.16,Ketogenic Diet,2019-07-23,14,1,-1.1699999999999982
77,23221,8068,M,+/+,Body Weight,2019-08-06,3,25.6,Ketogenic Diet,2019-07-23,14,1,0.6000000000000014
77,23221,8068,M,+/+,Total Fat Mass,2019-08-06,3,5.52,Ketogenic Diet,2019-07-23,14,1,1.0399999999999991
77,23221,8068,M,+/+,Lean Mass,2019-08-06,3,18.08,Ketogenic Diet,2019-07-23,14,1,-0.5
77,23222,8069,M,+/+,Body Weight,2019-08-06,3,27.8,Ketogenic Diet,2019-07-23,14,1,0.9000000000000021
77,23222,8069,M,+/+,Total Fat Mass,2019-08-06,3,5.63,Ketogenic Diet,2019-07-23,14,1,1.8599999999999999
77,23222,8069,M,+/+,Lean Mass,2019-08-06,3,20.22,Ketogenic Diet,2019-07-23,14,1,-0.9700000000000024
77,23223,8070,M,+/+,Body Weight,2019-08-06,3,26.1,Ketogenic Diet,2019-07-23,14,1,1.5
77,23223,8070,M,+/+,Total Fat Mass,2019-08-06,3,5.76,Ketogenic Diet,2019-07-23,14,1,2.5
77,23223,8070,M,+/+,Lean Mass,2019-08-06,3,18.57,Ketogenic Diet,2019-07-23,14,1,-0.6799999999999997
77,23224,8071,M,+/+,Body Weight,2019-08-06,3,22.5,Ketogenic Diet,2019-07-23,14,1,-0.5
77,23224,8071,M,+/+,Total Fat Mass,2019-08-06,3,2.04,Ketogenic Diet,2019-07-23,14,1,-0.06000000000000005
77,23224,8071,M,+/+,Lean Mass,2019-08-06,3,18.21,Ketogenic Diet,2019-07-23,14,1,-1.0199999999999996
77,23225,8072,M,+/+,Body Weight,2019-08-06,3,27.1,Ketogenic Diet,2019-07-23,14,1,1.5
77,23225,8072,M,+/+,Total Fat Mass,2019-08-06,3,6.85,Ketogenic Diet,2019-07-23,14,1,2.6899999999999995
77,23225,8072,M,+/+,Lean Mass,2019-08-06,3,18.35,Ketogenic Diet,2019-07-23,14,1,-1.0299999999999976
77,23226,8073,M,+/+,Body Weight,2019-08-06,3,24,Ketogenic Diet,2019-07-23,14,1,1.1000000000000014
77,23226,8073,M,+/+,Total Fat Mass,2019-08-06,3,4.69,Ketogenic Diet,2019-07-23,14,1,2.0500000000000003
77,23226,8073,M,+/+,Lean Mass,2019-08-06,3,17.28,Ketogenic Diet,2019-07-23,14,1,-1.2899999999999991
77,23227,8074,M,+/+,Body Weight,2019-08-06,3,28.9,Ketogenic Diet,2019-07-23,14,1,1.5999999999999979
77,23227,8074,M,+/+,Total Fat Mass,2019-08-06,3,5.93,Ketogenic Diet,2019-07-23,14,1,2.2499999999999996
77,23227,8074,M,+/+,Lean Mass,2019-08-06,3,21.05,Ketogenic Diet,2019-07-23,14,1,-0.39000000000000057
84,23216,8063,M,+/+,Body Weight,2019-08-13,3,24.7,Control Diet,2019-07-23,21,2,-0.10000000000000142
84,23216,8063,M,+/+,Total Fat Mass,2019-08-13,3,4.09,Control Diet,2019-07-23,21,2,1.19
84,23216,8063,M,+/+,Lean Mass,2019-08-13,3,19.01,Control Diet,2019-07-23,21,2,-1.5199999999999996
84,23217,8064,M,+/+,Body Weight,2019-08-13,3,27.8,Control Diet,2019-07-23,21,2,1.1999999999999993
84,23217,8064,M,+/+,Total Fat Mass,2019-08-13,3,5.57,Control Diet,2019-07-23,21,2,1.7800000000000002
84,23217,8064,M,+/+,Lean Mass,2019-08-13,3,20.29,Control Diet,2019-07-23,21,2,-0.5300000000000011
84,23218,8065,M,+/+,Body Weight,2019-08-13,3,23.7,Control Diet,2019-07-23,21,2,0
84,23218,8065,M,+/+,Total Fat Mass,2019-08-13,3,4.52,Control Diet,2019-07-23,21,2,1.3099999999999996
84,23218,8065,M,+/+,Lean Mass,2019-08-13,3,17.56,Control Diet,2019-07-23,21,2,-0.990000000000002
84,23219,8066,M,+/+,Body Weight,2019-08-13,3,26.8,Ketogenic Diet,2019-07-23,21,2,1.1000000000000014
84,23219,8066,M,+/+,Total Fat Mass,2019-08-13,3,5.26,Ketogenic Diet,2019-07-23,21,2,1.9
84,23219,8066,M,+/+,Lean Mass,2019-08-13,3,19.8,Ketogenic Diet,2019-07-23,21,2,-0.5299999999999976
84,23221,8068,M,+/+,Body Weight,2019-08-13,3,27.3,Ketogenic Diet,2019-07-23,21,2,2.3000000000000007
84,23221,8068,M,+/+,Total Fat Mass,2019-08-13,3,6.99,Ketogenic Diet,2019-07-23,21,2,2.51
84,23221,8068,M,+/+,Lean Mass,2019-08-13,3,18.51,Ketogenic Diet,2019-07-23,21,2,-0.06999999999999673
84,23222,8069,M,+/+,Body Weight,2019-08-13,3,27.5,Ketogenic Diet,2019-07-23,21,2,0.6000000000000014
84,23222,8069,M,+/+,Total Fat Mass,2019-08-13,3,6.12,Ketogenic Diet,2019-07-23,21,2,2.35
84,23222,8069,M,+/+,Lean Mass,2019-08-13,3,19.4,Ketogenic Diet,2019-07-23,21,2,-1.7900000000000027
84,23223,8070,M,+/+,Body Weight,2019-08-13,3,27.8,Ketogenic Diet,2019-07-23,21,2,3.1999999999999993
84,23223,8070,M,+/+,Total Fat Mass,2019-08-13,3,6.76,Ketogenic Diet,2019-07-23,21,2,3.5
84,23223,8070,M,+/+,Lean Mass,2019-08-13,3,19.03,Ketogenic Diet,2019-07-23,21,2,-0.21999999999999886
84,23224,8071,M,+/+,Body Weight,2019-08-13,3,21.4,Ketogenic Diet,2019-07-23,21,2,-1.6000000000000014
84,23224,8071,M,+/+,Total Fat Mass,2019-08-13,3,1.43,Ketogenic Diet,2019-07-23,21,2,-0.6700000000000002
84,23224,8071,M,+/+,Lean Mass,2019-08-13,3,17.77,Ketogenic Diet,2019-07-23,21,2,-1.4600000000000009
84,23225,8072,M,+/+,Body Weight,2019-08-13,3,27.6,Ketogenic Diet,2019-07-23,21,2,2
84,23225,8072,M,+/+,Total Fat Mass,2019-08-13,3,7.85,Ketogenic Diet,2019-07-23,21,2,3.6899999999999995
84,23225,8072,M,+/+,Lean Mass,2019-08-13,3,18,Ketogenic Diet,2019-07-23,21,2,-1.379999999999999
84,23226,8073,M,+/+,Body Weight,2019-08-13,3,21.5,Ketogenic Diet,2019-07-23,21,2,-1.3999999999999986
84,23226,8073,M,+/+,Total Fat Mass,2019-08-13,3,3.11,Ketogenic Diet,2019-07-23,21,2,0.46999999999999975
84,23226,8073,M,+/+,Lean Mass,2019-08-13,3,16.56,Ketogenic Diet,2019-07-23,21,2,-2.0100000000000016
84,23227,8074,M,+/+,Body Weight,2019-08-13,3,28.8,Ketogenic Diet,2019-07-23,21,2,1.5
84,23227,8074,M,+/+,Total Fat Mass,2019-08-13,3,6.09,Ketogenic Diet,2019-07-23,21,2,2.4099999999999997
84,23227,8074,M,+/+,Lean Mass,2019-08-13,3,20.68,Ketogenic Diet,2019-07-23,21,2,-0.7600000000000016
91,23216,8063,M,+/+,Body Weight,2019-08-20,3,25.2,Control Diet,2019-07-23,28,3,0.3999999999999986
91,23216,8063,M,+/+,Total Fat Mass,2019-08-20,3,4.49,Control Diet,2019-07-23,28,3,1.5900000000000003
91,23216,8063,M,+/+,Lean Mass,2019-08-20,3,19.02,Control Diet,2019-07-23,28,3,-1.5100000000000016
91,23217,8064,M,+/+,Body Weight,2019-08-20,3,28.3,Control Diet,2019-07-23,28,3,1.6999999999999993
91,23217,8064,M,+/+,Total Fat Mass,2019-08-20,3,5.85,Control Diet,2019-07-23,28,3,2.0599999999999996
91,23217,8064,M,+/+,Lean Mass,2019-08-20,3,20.21,Control Diet,2019-07-23,28,3,-0.6099999999999994
91,23218,8065,M,+/+,Body Weight,2019-08-20,3,24.1,Control Diet,2019-07-23,28,3,0.40000000000000213
91,23218,8065,M,+/+,Total Fat Mass,2019-08-20,3,4.73,Control Diet,2019-07-23,28,3,1.5200000000000005
91,23218,8065,M,+/+,Lean Mass,2019-08-20,3,17.39,Control Diet,2019-07-23,28,3,-1.1600000000000001
91,23219,8066,M,+/+,Body Weight,2019-08-20,3,27.8,Ketogenic Diet,2019-07-23,28,3,2.1000000000000014
91,23219,8066,M,+/+,Total Fat Mass,2019-08-20,3,5.71,Ketogenic Diet,2019-07-23,28,3,2.35
91,23219,8066,M,+/+,Lean Mass,2019-08-20,3,19.85,Ketogenic Diet,2019-07-23,28,3,-0.4799999999999969
91,23221,8068,M,+/+,Body Weight,2019-08-20,3,27.8,Ketogenic Diet,2019-07-23,28,3,2.8000000000000007
91,23221,8068,M,+/+,Total Fat Mass,2019-08-20,3,7.52,Ketogenic Diet,2019-07-23,28,3,3.039999999999999
91,23221,8068,M,+/+,Lean Mass,2019-08-20,3,18.28,Ketogenic Diet,2019-07-23,28,3,-0.29999999999999716
91,23222,8069,M,+/+,Body Weight,2019-08-20,3,27.6,Ketogenic Diet,2019-07-23,28,3,0.7000000000000028
91,23222,8069,M,+/+,Total Fat Mass,2019-08-20,3,6.25,Ketogenic Diet,2019-07-23,28,3,2.48
91,23222,8069,M,+/+,Lean Mass,2019-08-20,3,19.2,Ketogenic Diet,2019-07-23,28,3,-1.990000000000002
91,23223,8070,M,+/+,Body Weight,2019-08-20,3,28.2,Ketogenic Diet,2019-07-23,28,3,3.599999999999998
91,23223,8070,M,+/+,Total Fat Mass,2019-08-20,3,6.91,Ketogenic Diet,2019-07-23,28,3,3.6500000000000004
91,23223,8070,M,+/+,Lean Mass,2019-08-20,3,19.2,Ketogenic Diet,2019-07-23,28,3,-0.05000000000000071
91,23224,8071,M,+/+,Body Weight,2019-08-20,3,23.9,Ketogenic Diet,2019-07-23,28,3,0.8999999999999986
91,23224,8071,M,+/+,Total Fat Mass,2019-08-20,3,2.92,Ketogenic Diet,2019-07-23,28,3,0.8199999999999998
91,23224,8071,M,+/+,Lean Mass,2019-08-20,3,18.45,Ketogenic Diet,2019-07-23,28,3,-0.7800000000000011
91,23225,8072,M,+/+,Body Weight,2019-08-20,3,27.9,Ketogenic Diet,2019-07-23,28,3,2.299999999999997
91,23225,8072,M,+/+,Total Fat Mass,2019-08-20,3,7.89,Ketogenic Diet,2019-07-23,28,3,3.7299999999999995
91,23225,8072,M,+/+,Lean Mass,2019-08-20,3,17.9,Ketogenic Diet,2019-07-23,28,3,-1.4800000000000004
91,23226,8073,M,+/+,Body Weight,2019-08-20,3,22,Ketogenic Diet,2019-07-23,28,3,-0.8999999999999986
91,23226,8073,M,+/+,Total Fat Mass,2019-08-20,3,2.93,Ketogenic Diet,2019-07-23,28,3,0.29000000000000004
91,23226,8073,M,+/+,Lean Mass,2019-08-20,3,16.88,Ketogenic Diet,2019-07-23,28,3,-1.6900000000000013
91,23227,8074,M,+/+,Body Weight,2019-08-20,3,30.5,Ketogenic Diet,2019-07-23,28,3,3.1999999999999993
91,23227,8074,M,+/+,Total Fat Mass,2019-08-20,3,6.96,Ketogenic Diet,2019-07-23,28,3,3.28
91,23227,8074,M,+/+,Lean Mass,2019-08-20,3,21.01,Ketogenic Diet,2019-07-23,28,3,-0.4299999999999997
92,23216,8063,M,+/+,Plasma Glucose,2019-08-21,3,NA,Control Diet,2019-07-23,29,3,NA
92,23217,8064,M,+/+,Plasma Glucose,2019-08-21,3,NA,Control Diet,2019-07-23,29,3,NA
92,23218,8065,M,+/+,Plasma Glucose,2019-08-21,3,NA,Control Diet,2019-07-23,29,3,NA
92,23219,8066,M,+/+,Plasma Glucose,2019-08-21,3,NA,Ketogenic Diet,2019-07-23,29,3,NA
92,23221,8068,M,+/+,Plasma Glucose,2019-08-21,3,NA,Ketogenic Diet,2019-07-23,29,3,NA
92,23222,8069,M,+/+,Plasma Glucose,2019-08-21,3,NA,Ketogenic Diet,2019-07-23,29,3,NA
92,23223,8070,M,+/+,Plasma Glucose,2019-08-21,3,NA,Ketogenic Diet,2019-07-23,29,3,NA
92,23224,8071,M,+/+,Plasma Glucose,2019-08-21,3,NA,Ketogenic Diet,2019-07-23,29,3,NA
92,23225,8072,M,+/+,Plasma Glucose,2019-08-21,3,NA,Ketogenic Diet,2019-07-23,29,3,NA
92,23226,8073,M,+/+,Plasma Glucose,2019-08-21,3,NA,Ketogenic Diet,2019-07-23,29,3,NA
92,23227,8074,M,+/+,Plasma Glucose,2019-08-21,3,NA,Ketogenic Diet,2019-07-23,29,3,NA
