ID,BW1,BW2,BW3,BW4,BW5,BW6,BG1,BG2,BK_0,BK_15,BK_30,BK_45,BK_60,FK_0,FK_15,FK_30,FK_45,FK_60,EWAT,Cholesterol.Baseline,Cholesterol.Followup,Cholesterol.Difference,Cholesterol.Pct.Difference,Cholesterol.Increase,TG.Baseline,TG.Followup,Glycerol.Baseline,Glycerol.Followup
3901,26.8,29.3,29.9,33,3.7,32.9,NA,NA,0.6,4.1,1.2,1.3,0.5,0.5,5.2,3.1,1.4,0.8,NA,69.81597792,101.560058,31.74408012,45.46821669,TRUE,1.120933097,1.570944296,0.23558761,0.939432327
3902,23.7,28,28.3,32.1,33.2,32.8,NA,NA,0.3,4.8,2.2,0.8,0.5,0.4,2.8,2.8,1.9,1.4,NA,74.56608087,107.5395379,32.97345699,44.22045064,TRUE,1.733179448,1.040939683,0.210450298,0.641375636
3903,24,29.6,29.3,32.9,36.2,37.2,NA,NA,0.4,4.1,2.6,0.8,0.5,0.4,3.5,3.6,1.6,0.8,NA,91.18620984,29.74352344,-61.44268639,-67.38155528,FALSE,0.664521847,NA,0.142220453,NA
3904,23.4,27.8,28.4,30.6,31.3,31.8,NA,NA,0.6,3.5,2,1.1,0.6,0.9,1.8,2,1.7,1.2,NA,84.95562325,126.0429676,41.08734431,48.36330162,TRUE,0.875403035,0.090117031,0.257133877,0.343318944
3905,23.2,28.1,28.8,31.5,31.6,34.7,NA,NA,0.6,4.4,2.7,1.5,1.1,0.6,3.3,2.9,1.9,1.3,NA,78.52101241,137.2643011,58.74328868,74.81218959,TRUE,1.38575742,0.079375265,0.418730878,1.032799484
3906,21.8,24.6,25.7,28.5,25.6,24.8,NA,NA,0.7,3.4,2.5,2.1,1.6,1.1,4.1,4.3,2.6,1.2,NA,67.78619824,85.14395332,17.35775508,25.60662131,TRUE,0.500401704,0.537964738,0.102718964,0.469005501
3907,29.2,35.7,34.5,40.2,41.2,45,NA,NA,0.6,3.8,1.8,1.1,0.9,0.4,2.9,2.4,1.5,1.1,NA,105.6719313,107.9632805,2.291349224,2.168361263,TRUE,1.062412166,0.317258436,0.188904032,0.285862232
3908,23.2,29.1,29.9,32.3,26.1,29.8,NA,NA,0.4,3.3,1.4,0.8,0.5,0.7,2,1.8,1.2,0.8,NA,100.7125727,100.0377233,-0.674849429,-0.67007466,FALSE,0.668542643,0.683301522,0.501324901,0.479778634
3909,27.9,39.5,37.8,45.2,47.3,46.5,NA,NA,0.4,3.2,1.9,0.8,0.4,0.8,4.4,4.7,4.3,3.7,NA,NA,NA,NA,NA,NA,1.769639528,0.525299248,0.411548789,0.328954766
3910,26.4,33.8,34.6,37.3,37.4,40.5,NA,NA,0.6,2.9,2.1,1.1,1,0.7,3.7,3.9,2.7,1.8,NA,89.82081681,115.7005077,25.8796909,28.81257577,TRUE,1.308100845,0.309523028,0.102718964,0.364865211
3911,25.9,31.2,31.3,32.9,35.3,36,NA,NA,0.3,4.9,1.6,0.6,0.4,0.8,4.2,3.4,2.1,1.4,NA,93.61880662,124.6932687,31.07446208,33.1925424,TRUE,0.808833145,0.020776866,0.109901053,0.864020393
3912,25.4,31.2,32.8,36,41.4,43.2,NA,NA,0.4,4.2,2.2,1.2,0.8,0.8,2.6,2.5,1.9,1.6,NA,107.8063388,123.3121815,15.5058427,14.38305286,TRUE,0.711163009,0.515153217,0.343318944,0.698832347
3913,23.9,28.2,28.1,31,33.6,35.5,NA,NA,0.5,3.4,1.7,1,0.6,0.7,4.2,3.2,1.8,0.9,NA,99.20593212,141.0779851,41.87205295,42.20720682,TRUE,0.791586175,0.668898611,0.30022641,0.433095056
3914,28.5,35.5,36.2,39.6,40.4,43.2,NA,NA,0.4,4.3,2.7,1.4,0.9,0.6,1.9,1.9,1.6,1.3,NA,103.1294753,126.3725452,23.24306987,22.53775635,TRUE,0.918615452,0.379884997,0.088354786,0.19608612
3915,24.4,30.4,28.5,34.5,39.4,40.4,NA,NA,0.4,4.6,2.7,1.1,0.7,0.7,5.2,5.4,4.1,2.9,NA,95.03128217,77.07714852,-17.95413365,-18.8928669,FALSE,0.462161786,0.411492462,0.242769699,0.30022641
3916,21.8,24.1,26,27.3,30.9,31.4,NA,NA,0.6,3.1,2.2,1.4,1.1,0.5,2.7,2.9,1.3,1.1,NA,96.20834512,141.8626937,45.65434859,47.45362632,TRUE,1.064424405,0.547987202,0.214041343,0.533644301
3918,26.1,31,31.7,36.5,34,36.4,NA,NA,0.3,2.7,1.7,1.1,0.4,0.8,4.8,2.7,1.2,0.7,NA,NA,NA,NA,NA,NA,1.385482602,0.87488845,0.30022641,0.390002522
3919,25.6,28,29.5,30.7,31.4,34.6,NA,NA,0.3,2.8,2.7,2.4,2.9,0.4,2.3,2.1,1.6,0.9,NA,111.0393384,125.9488025,14.90946413,13.42719107,TRUE,0.817590356,0.266856564,0.382820433,1.079483062
3920,23.4,27.5,28.1,31.4,32.3,33,NA,NA,0.4,3.1,2.4,1.7,1,1.6,4.4,4.3,3.8,3.3,NA,97.32263139,183.9544651,86.63183369,89.01509592,TRUE,2.243220282,0.715772174,0.192495076,1.000480083
3921,23.9,24.5,25,26.1,27.2,34.7,NA,NA,0.4,4.3,2.3,0.8,0.6,0.8,5,4.7,2.4,1.2,NA,132.7600735,178.3359512,45.57587772,34.32950624,TRUE,1.203012536,0.838463421,0.285862232,0.558781613
3922,26,29.8,33,37.4,36.3,35.9,NA,NA,0.3,4.4,1.8,0.7,0.4,0.6,4.9,3.9,1.8,0.8,NA,95.84737915,131.9753649,36.12798572,37.69324319,TRUE,1.640601694,0.476208729,0.289453277,0.357683122
3923,23.8,28.6,28.6,31.5,33,28,NA,NA,0.5,5.7,2.9,1.2,0.6,0.7,2.9,3.3,1.8,1.3,NA,70.89364445,78.70934248,7.815698039,11.02453979,TRUE,0.786377592,0.750463465,0.271498054,0.616238324
3924,26.3,32.9,29.7,32.6,34.4,37.3,NA,NA,0.5,3.6,2.1,1,1.1,0.6,4.1,3.2,1.6,0.9,NA,94.4349036,98.48400017,4.049096575,4.287711874,TRUE,1.571466246,1.106329153,0.188904032,0.501324901
3925,29.2,37.3,35.8,42.2,NA,NA,NA,NA,0.5,4.8,2.3,0.7,0.5,NA,NA,NA,NA,NA,NA,96.9145829,NA,NA,NA,NA,1.818730047,NA,0.382820433,NA
3926,17.2,20.7,21.2,20.6,19.6,21.4,NA,NA,0.2,4,2.4,1.2,0.8,0.7,4.1,3.6,2.4,1.4,NA,83.10371086,128.5540352,45.45032434,54.69108885,TRUE,1.16047332,3.13042962,0.257133877,0.598283102
3927,22.5,28.4,29.5,34.2,35.9,33.7,NA,NA,0.3,4.3,1.7,0.7,1,0.3,5.1,4.2,2,0.9,NA,75.00551771,95.34516562,20.33964791,27.11753552,TRUE,0.978123137,0.849871023,0.117083142,0.289453277
3928,22.6,27.4,27.9,31.2,34.3,31.1,NA,NA,0.3,3.1,1.9,0.8,0.6,0.6,3.7,3.6,2.3,1.4,NA,85.45783678,90.76246717,5.304630396,6.207307131,TRUE,1.126064213,0.366503889,0.142220453,0.501324901
3929,24.1,27.6,28.6,33.6,38,36.4,NA,NA,0.4,4.1,2.3,1.2,0.7,0.5,5.2,5.6,5.2,4.3,NA,101.465893,123.5005116,22.03461857,21.71628112,TRUE,0.668271508,0.397561718,0.073990608,0.368456255
3930,22.3,25.8,26.8,31.5,31.7,31.2,NA,NA,0.4,4.9,2.7,1.8,1.6,0.9,4.8,4.7,2.7,1.6,NA,82.31900222,116.7520173,34.43301506,41.82875658,TRUE,0.711441509,0.076143871,0.152993587,0.659330858
3932,20.8,26.3,25.5,31,32,31.6,NA,NA,0.4,4,1.5,0.7,0.6,0.6,1.9,2.3,1.6,1.3,NA,82.88399244,96.25542764,13.3714352,16.13271128,TRUE,1.005307739,0.900261846,0.486960723,0.422321922
3933,27.4,36.5,35.8,44.5,48.4,49.7,NA,NA,0.4,3.3,2.7,0.8,0.7,0.4,3.2,3.5,2.8,2.9,NA,83.79425446,131.5987047,47.80445026,57.04979484,TRUE,4.246405268,0.428929416,0.361274166,0.723969659
3934,19.9,24.1,24.3,28,30.8,32.2,NA,NA,0.3,3.3,2.1,1.1,0.8,0.6,4.7,4.1,2.2,1.4,NA,NA,NA,NA,NA,NA,1.422418534,0.47951759,0.307408499,0.85324726
3935,23,30.6,31.2,35.9,35.7,37.4,NA,NA,0.3,4.3,1.8,0.7,0.6,0.6,4.7,4.6,2,1.2,NA,117.9133861,171.0852434,53.17185734,45.09399579,TRUE,1.126021797,1.160299972,0.390002522,1.557091977
3936,27.7,33.8,31.8,35.3,34.8,34.7,NA,NA,0.2,3.3,1.7,1.1,0.4,0.4,3.9,3.8,3,2.9,NA,89.34999162,102.0779657,12.72797412,14.24507589,TRUE,0.920151841,0.866750976,0.307408499,1.09384724
3937,24.6,30.5,29.4,32.6,33.7,27.6,NA,NA,0.4,3.7,2.1,1.5,0.9,1,4.2,4.2,2.4,2,NA,105.7974847,145.6920719,39.89458718,37.70844581,TRUE,1.494042073,0.807211924,0.239178654,0.386411478
3938,22.6,27,25.1,NA,NA,NA,NA,NA,0.3,3.1,1.7,0.8,0.5,NA,NA,NA,NA,NA,NA,105.2324945,NA,NA,NA,NA,1.307783611,0.046319927,0.231996565,-0.094788482
3939,26.7,34.6,33.8,37.7,38.1,33.4,NA,NA,0.2,3.8,2,0.8,0.7,0.6,4.6,4.2,2.4,1.4,NA,122.4019195,124.8502104,2.448290952,2.000206339,TRUE,1.292866115,0.576994059,0.318181633,0.314590588
3940,24.4,31.3,30.1,35.3,35.6,32.7,NA,NA,0.3,3.3,2.2,1,0.7,0.4,3,3.1,1.6,0.9,NA,141.7685287,140.98382,-0.784708638,-0.553513989,FALSE,1.209130405,0.723673564,0.174539854,0.239178654
3941,25,26.9,29.3,29,32.7,33.6,NA,NA,0.3,2.9,1.4,0.8,0.4,0.4,2.8,2.8,2.2,1.4,NA,77.48519701,146.1315087,68.64631169,88.59280784,TRUE,0.731134154,0.440763087,0.041671208,1.12616664
3942,20.6,28.2,26.1,31.5,30.4,26,NA,NA,0.3,2.6,1.2,0.6,0.4,0.6,2.6,2.9,1.9,1.4,NA,89.31860328,132.8856269,43.56702361,48.77709907,TRUE,0.958550376,0.269506954,0.102718964,0.537235346
3943,27.5,32.3,31.4,30.5,29.2,31.1,NA,NA,0.4,2.3,1.8,1.1,0.8,0.8,3.1,2.4,2,1.2,NA,128.4912585,154.606362,26.11510349,20.32442035,TRUE,2.009724924,0.41196463,0.303817455,0.415139834
3944,26.4,36.6,33.6,41,44.4,39.4,NA,NA,0.3,2.1,1.8,0.8,0.7,0.7,4.7,4.2,3.2,2.6,NA,NA,NA,NA,NA,NA,0.569064984,0.494872204,0.088354786,0.512098034
3945,21.5,26.6,23.1,25.7,28.3,29.7,NA,NA,0.4,0.5,0.8,0.8,1.1,0.6,3.2,3.4,3,2.7,NA,87.52946758,140.1049464,52.57547878,60.06603288,TRUE,1.253999094,0.955540335,0.09912792,1.02202635
3946,24.3,24.8,26,27,27.6,28.2,NA,NA,0.3,2.5,2.3,1.6,1.1,0.4,2.7,2.3,1.7,0.8,NA,82.75843906,131.9439765,49.18553746,59.43265487,TRUE,1.063360185,0.418667185,0.109901053,0.910703971
3947,19.1,23.9,23.7,22.8,27.3,28.1,NA,NA,0.4,3.2,3.2,1.3,0.8,0.8,3.1,2.9,1.2,1.2,NA,92.77132129,75.25662448,-17.51469681,-18.87943016,FALSE,0.902316502,0.441002854,0.199677165,0.874793527
3948,23,33.8,32.1,37.2,39.6,36,NA,NA,0.4,3.3,2.1,1.2,0.8,0.6,3.6,3.5,1.9,0.9,NA,118.1017161,148.2659162,30.16420006,25.54086515,TRUE,0.807846392,1.169822583,0.127856275,0.519280123
3949,20.6,26.2,24.5,27.3,29.4,29.1,NA,NA,0.4,1.4,0.7,0.6,0.6,0.7,4.7,3.9,2.3,1.6,NA,112.1379305,144.7818098,32.64387936,29.11047067,TRUE,0.81991983,1.362787282,0.278680143,0.713196525